GHI,DHI,T Amb
0,0,10.2
0,0,10.3
0,0,7
0,0,6.7
0,0,6.4
0,0,6.2
0,0,6.9
109,52,8.9
290,86,11.5
272,201,14.2
556,120,16.6
607,117,17.9
587,117,18.3
504,111,18.1
369,94,17
194,69,14.5
29,22,11.9
0,0,11
0,0,10.8
0,0,10.9
0,0,11
0,0,10.9
0,0,10.5
0,0,10
0,0,9.2
0,0,8.8
0,0,7.8
0,0,7.1
0,0,6.6
0,0,6.4
0,0,7.2
105,55,9.5
285,94,12.3
263,201,15
305,248,16.8
381,274,17.5
570,162,17.7
489,157,17.6
357,125,16.8
184,92,14.7
10,10,12.8
0,0,12
0,0,11.3
0,0,10.8
0,0,10.3
0,0,9.9
0,0,9.4
0,0,8.8
0,0,8.4
0,0,8.2
0,0,7.7
0,0,7.3
0,0,7
0,0,6.8
0,0,7.3
81,71,8.9
251,150,10.9
409,189,12.7
521,200,13.9
597,145,14.9
584,138,15.4
505,125,15.6
372,103,15.2
198,77,13.5
31,25,11.6
0,0,10.9
0,0,10.7
0,0,10.3
0,0,9.8
0,0,9.1
0,0,8.6
0,0,8.1
0,0,7.9
0,0,7.8
0,0,7.6
0,0,7.6
0,0,7.5
0,0,7.4
0,0,8
103,60,10
285,100,12.6
447,120,14.9
561,130,16.4
615,128,17.2
599,127,17.7
518,119,17.7
379,106,16.9
203,79,14.5
33,27,11.9
0,0,10.6
0,0,9.8
0,0,9.3
0,0,9
0,0,9.3
0,0,9.5
0,0,9.4
0,0,9.3
0,0,9.2
0,0,9
0,0,8.9
0,0,8.4
0,0,8
0,0,8.4
104,59,10.3
286,99,12.9
448,120,14.9
560,133,16.1
351,276,16.5
353,270,16.6
233,211,16.3
182,162,15.2
194,95,13.2
31,27,11.6
0,0,11
0,0,10.5
0,0,9.9
0,0,9.3
0,0,8.4
0,0,7.5
0,0,7.1
0,0,6.7
0,0,6.6
0,0,6
0,0,5.7
0,0,5.4
0,0,5.2
0,0,6
8,8,8
65,65,10.4
281,201,12.4
339,254,13.4
317,269,13.9
365,271,14
206,195,13.7
30,30,13
172,128,11.7
17,17,10.4
0,0,9.6
0,0,9.1
0,0,8.7
0,0,8.2
0,0,7.8
0,0,7.3
0,0,6.8
0,0,6.4
0,0,6.2
0,0,5.6
0,0,5.3
0,0,4.8
0,0,4.4
0,0,4.6
90,71,6.1
266,136,8.5
428,163,11
544,175,12.6
596,175,13.6
580,178,14.1
499,175,14.3
363,151,13.8
193,107,12
32,29,10
0,0,9.2
0,0,9.1
0,0,8.8
0,0,8.3
0,0,7.6
0,0,6.9
0,0,6.5
0,0,6.1
0,0,6
0,0,5.6
0,0,5.4
0,0,5.3
0,0,5.2
0,0,5.9
90,68,7.7
261,139,10.3
413,182,12.9
312,252,14.5
595,165,15.1
89,89,15.4
131,131,15.2
138,137,14.6
178,125,13.5
23,23,12.3
0,0,11.4
0,0,10.6
0,0,9.8
0,0,9.2
0,0,8.7
0,0,8.3
0,0,8
0,0,7.7
0,0,7.5
0,0,7.1
0,0,7
0,0,6.8
0,0,6.7
0,0,7.2
8,8,8.5
21,21,10.1
36,36,11.6
101,101,12.6
170,170,13.1
283,252,13.2
301,237,12.9
261,172,12.3
83,83,11
16,16,9.6
0,0,9.1
0,0,9
0,0,9
0,0,8.8
0,0,8.3
0,0,7.8
0,0,7.5
0,0,7.3
0,0,7.3
0,0,6.9
0,0,6.7
0,0,6.5
0,0,6.2
0,0,6.7
41,41,8.1
303,74,10
281,203,12.3
589,91,14.3
647,92,15.4
635,90,16
556,84,16.1
417,76,15.7
236,60,14
51,27,11.8
0,0,10.4
0,0,9.6
0,0,8.8
0,0,8.2
0,0,7.6
0,0,7
0,0,6.4
0,0,5.7
0,0,5.3
0,0,4.6
0,0,4.3
0,0,4.1
0,0,4
0,0,4.7
118,47,7.2
312,73,10.1
481,87,13.2
599,95,15.8
433,273,17.3
636,108,17.8
556,103,17.8
416,93,16.8
235,72,14
50,32,11.1
0,0,9.8
0,0,9.4
0,0,9.3
0,0,9.4
0,0,9.5
0,0,9.5
0,0,9.4
0,0,9.2
0,0,9
0,0,8.6
0,0,8.2
0,0,7.6
0,0,7
0,0,7.4
113,49,9.4
142,127,11.8
335,188,14.4
326,258,16.9
642,103,18.4
626,103,19.2
547,99,19.5
407,94,18.8
227,77,17.4
21,21,16
0,0,15
0,0,14.2
0,0,12.9
0,0,11
0,0,9
0,0,8
0,0,7.7
0,0,7.7
0,0,7.6
0,0,7.4
0,0,7.4
0,0,7.4
0,0,7.4
0,0,8.1
56,53,9.9
259,155,12.2
418,195,14
532,220,15.1
585,235,15.7
570,239,15.9
350,242,15.6
197,174,14.9
64,64,13.4
10,10,11.8
0,0,10.8
0,0,10.3
0,0,9.8
0,0,9.3
0,0,8.8
0,0,8.4
0,0,8.2
0,0,8.3
0,0,8.4
0,0,8.7
0,0,8.8
0,0,8.8
0,0,8.9
0,0,9.1
70,66,9.7
240,175,10.7
206,188,11.8
265,238,13
292,262,14
118,118,14.5
46,46,14.7
33,33,14.4
17,17,13.2
40,37,11.8
0,0,11.1
0,0,10.6
0,0,10
0,0,9.4
0,0,8.7
0,0,8
0,0,7.4
0,0,6.7
0,0,6.4
0,0,5.6
0,0,5.2
0,0,4.8
0,0,4.6
0,0,5.6
102,66,7.8
284,117,10.6
446,146,13.2
562,165,14.8
631,153,15.7
617,153,16.2
538,147,16.4
397,139,15.8
223,106,13.4
48,40,10.6
0,0,9.2
0,0,8.5
0,0,7.9
0,0,7.2
0,0,6.6
0,0,6.1
0,0,5.8
0,0,5.6
0,0,5.5
0,0,5.3
0,0,5.4
0,0,5.7
0,0,6.2
0,0,7.3
32,32,9
136,126,11
409,219,12.9
523,247,14.1
577,269,14.5
399,285,14.5
337,249,14.1
176,165,13.1
17,17,11.9
5,5,10.8
0,0,9.8
0,0,9.1
0,0,8.7
0,0,8.4
0,0,8.2
0,0,8.1
0,0,8.2
0,0,8.1
0,0,8.1
0,0,8
0,0,8
0,0,7.9
0,0,7.6
0,0,7.7
21,21,8.7
134,126,10.5
455,135,12.2
578,136,13.4
636,139,14.1
247,233,14.3
274,238,14
40,40,13.4
18,18,12.5
60,40,11.7
0,0,11.2
0,0,11.1
0,0,10.9
0,0,10.8
0,0,10.7
0,0,10.6
0,0,10.5
0,0,10.4
0,0,10.3
0,0,10.3
0,0,10.3
0,0,10.3
0,0,10.2
0,0,10.8
120,46,12.1
312,73,13.6
481,87,14.7
308,258,15.5
188,185,16.1
272,250,16.4
230,215,16.2
230,188,15.6
258,66,13.7
70,34,11.3
0,0,9.9
0,0,9.2
0,0,8.6
0,0,8.1
0,0,7.8
0,0,7.4
0,0,7.1
0,0,6.7
0,0,6.5
0,0,5.9
0,0,5.5
0,0,5.3
0,0,5
0,0,5.9
127,41,8.1
323,64,10.7
494,76,13.2
616,82,14.8
419,293,15.9
663,90,16.5
586,86,16.7
444,85,16.2
263,67,14
72,35,11.2
0,0,9.7
0,0,9
0,0,8.6
0,0,8.3
0,0,8.1
0,0,7.9
0,0,7.6
0,0,7.2
0,0,7
0,0,6.5
0,0,6.2
0,0,6
0,0,6
0,0,6.7
38,38,8.5
175,138,10.6
335,200,12.8
405,261,14.8
455,285,16
461,275,16.3
343,256,16
250,194,14.9
77,77,13.1
23,23,11.7
0,0,11.2
0,0,11.2
0,0,11.4
0,0,11.3
0,0,10.8
0,0,10.2
0,0,9.9
0,0,9.8
0,0,9.8
0,0,9.6
0,0,9.4
0,0,9.1
0,0,8.9
0,0,9.4
106,64,11.3
294,105,14
463,123,16.8
585,131,18.9
641,142,20
635,140,20.7
556,136,20.9
417,131,20.2
241,102,18.2
62,46,15.8
0,0,14.3
0,0,13.2
0,0,12.4
0,0,11.9
0,0,11.4
0,0,11.2
0,0,11.1
0,0,11.1
0,0,11
0,0,9.9
0,0,9.1
0,0,8.4
0,0,8
0,0,9
112,61,11.6
301,101,14.5
473,123,17
596,136,18.5
653,146,19.2
642,150,19.3
565,144,18.9
421,146,17.8
246,108,15.4
66,47,12.5
0,0,11
0,0,10.3
0,0,9.8
0,0,9.4
0,0,9.2
0,0,9
0,0,8.9
0,0,8.6
0,0,8.5
0,0,7.8
0,0,7.6
0,0,7.4
0,0,7.3
0,0,8
120,60,9.8
314,92,12.3
491,105,14.9
449,248,17
670,131,18.4
490,271,19.2
408,250,19.5
385,133,18.8
185,116,16.8
75,47,14.6
0,0,13.4
0,0,12.8
0,0,12.1
0,0,11.3
0,0,10.6
0,0,10.2
0,0,10
0,0,9.9
0,0,9.9
0,0,9.9
0,0,10
0,0,10.2
0,0,10.3
0,0,11
104,77,13.3
289,143,16.4
307,217,19.3
558,226,21.6
428,303,22.7
147,147,22.9
444,234,22.2
370,244,20.2
197,166,17.1
32,31,14.2
0,0,12.5
0,0,11.6
0,0,11.1
0,0,11
0,0,11
0,0,10.7
0,0,10.2
0,0,9.7
0,0,9.4
0,0,8.8
0,0,8.4
0,0,8
0,0,7.7
0,0,8.6
110,74,11
302,124,13.8
475,147,16.3
602,156,17.9
652,185,19
642,189,19.7
564,185,19.8
434,155,19.3
255,122,17.3
70,56,14.9
0,0,13.2
0,0,12.2
0,0,11.7
0,0,11.3
0,0,11
0,0,10.8
0,0,10.7
0,0,10.5
0,0,10.4
0,0,9.9
0,0,9.7
0,0,9.5
0,0,9.4
0,0,10.4
110,75,13
295,133,16
460,169,18.9
579,193,21.5
651,174,23.1
640,181,23.9
560,184,23.9
420,177,22.6
244,140,19.9
64,56,17.6
0,0,16.6
0,0,15.6
0,0,14.3
0,0,12.9
0,0,11.8
0,0,11.1
0,0,10.6
0,0,10.2
0,0,10
0,0,9.4
0,0,9
0,0,8.5
0,0,8.1
0,0,9
84,77,11.4
261,187,13.8
421,252,16.1
538,291,17.9
448,306,18.7
440,303,18.9
201,196,18.3
150,150,16.8
82,82,14.6
25,25,12.3
0,0,10.9
0,0,10
0,0,9.5
0,0,9.3
0,0,9.2
0,0,8.7
0,0,7.9
0,0,6.9
0,0,6.5
0,0,5.8
0,0,5.5
0,0,5.2
0,0,5.2
0,0,6.2
116,71,8.3
104,104,10.5
41,41,12.1
134,134,12.8
331,290,13.2
305,275,13.6
52,52,14
226,198,14
277,98,13.2
89,52,12
0,0,11.3
0,0,11.1
0,0,10.9
0,0,10.5
0,0,9.9
0,0,9.3
0,0,8.8
0,0,8.4
0,0,8.3
0,0,7.8
0,0,7.4
0,0,6.9
0,0,6.6
0,0,7.7
138,51,10.2
340,77,13
516,91,15.5
643,99,17.1
704,106,18
701,103,18.4
627,97,18.5
481,102,18
203,124,16.2
64,48,13.8
0,0,12.4
0,0,12
0,0,11.8
0,0,11.5
0,0,11
0,0,10.2
0,0,9.4
0,0,8.7
0,0,8.3
0,0,7.5
0,0,6.9
0,0,6.7
0,0,6.6
0,0,8
131,63,10.7
328,100,13.9
503,123,17.2
629,140,19.4
686,160,20.3
670,177,20.4
589,188,20.2
445,184,19.1
260,152,16.2
72,64,13.1
0,0,11.5
0,0,10.7
0,0,10.4
0,0,10.4
0,0,10.3
0,0,9.9
0,0,9.5
0,0,9
0,0,8.8
0,0,7.8
0,0,7.1
0,0,6.5
0,0,6.3
0,0,7.6
125,73,10.2
319,120,13.1
493,147,15.6
617,163,17
683,163,17.8
674,166,18
598,162,17.8
447,175,17
210,126,14.7
83,65,11.9
0,0,10.6
0,0,10.1
0,0,9.9
0,0,9.8
0,0,9.7
0,0,9.5
0,0,9.2
0,0,8.8
0,0,8.5
0,0,7.6
0,0,6.9
0,0,6.7
0,0,6.6
0,0,7.7
139,61,10.4
340,92,13.6
518,108,16.4
645,117,18.2
690,160,18.8
679,162,18.9
602,158,18.5
465,146,17.6
284,117,15.2
93,62,12.2
0,0,10.7
0,0,10.2
0,0,9.9
0,0,9.7
0,0,9.7
0,0,9.7
0,0,9.8
0,0,9.8
0,0,9.7
0,0,9.4
0,0,9.2
0,0,8.9
0,0,8.6
0,0,9.2
144,58,11.1
349,84,13.6
530,95,15.7
658,100,17
723,101,17.9
722,98,18.4
647,91,18.5
503,94,17.9
318,75,15.7
115,45,12.6
0,0,10.9
0,0,10.1
0,0,9.4
0,0,8.9
0,0,8.5
0,0,8.2
0,0,7.9
0,0,7.5
0,0,7.3
0,0,6.6
0,0,6
0,0,5.5
0,0,5.4
0,0,6.9
161,43,9.9
370,62,13.1
551,73,16.8
680,78,19.6
739,94,21.1
733,92,21.8
657,88,21.9
511,93,21.1
323,78,18.4
115,49,15
0,0,13.2
0,0,12.4
0,0,11.7
0,0,10.8
0,0,10
0,0,9.5
0,0,9
0,0,8.6
0,0,8.4
0,0,7.9
0,0,7.6
0,0,7.2
0,0,7
0,0,8.2
160,48,10.9
369,69,14.3
550,81,17.9
680,89,20.9
735,111,23
728,111,24
652,106,24.3
498,119,23.4
312,99,20.8
109,60,17.4
0,0,15.2
0,0,14.5
0,0,14
0,0,13.4
0,0,12.7
0,0,12.1
0,0,11.4
0,0,10.8
0,0,10.6
0,0,10.1
0,0,9.8
0,0,9.5
0,0,9.3
0,0,10.5
142,68,13.2
341,105,16.7
517,128,20.5
640,142,23.7
687,182,25.6
679,183,26.4
601,177,26.5
459,170,25.1
189,143,22.3
61,56,20.2
0,0,19.5
0,0,18.7
0,0,17.9
0,0,17.3
0,0,16.5
0,0,15.9
0,0,15.4
0,0,14.8
0,0,14.5
0,0,13.8
0,0,13.6
0,0,13.6
0,0,13.6
0,0,14.3
13,13,15.8
128,128,17.4
170,169,19.1
432,296,20.5
439,331,21.2
323,292,22.1
477,266,23
26,26,22.8
48,48,21
33,33,19
0,0,17.7
0,0,16.7
0,0,16
0,0,15.7
0,0,16
0,0,16.6
0,0,16.6
0,0,16
0,0,15.6
0,0,14.9
0,0,14.6
0,0,14.2
0,0,13.8
0,0,14.1
11,11,14.9
27,27,15.9
44,44,16.9
58,58,17.7
417,331,18.4
317,288,18.8
363,291,18.8
473,190,18.3
109,109,16.6
102,79,14.1
0,0,12.4
0,0,11.6
0,0,10.9
0,0,10.4
0,0,9.9
0,0,9.5
0,0,9.2
0,0,8.8
0,0,8.6
0,0,7.9
0,0,7.5
0,0,7.2
0,0,7.3
0,0,8.8
126,100,11.5
320,175,14.4
492,214,16.7
442,300,17.9
452,335,18.5
332,298,18.7
382,295,18.5
484,168,17.8
70,70,16.1
109,76,13.6
0,0,12.1
0,0,11.6
0,0,11.2
0,0,10.7
0,0,10.2
0,0,9.7
0,0,9.3
0,0,9.1
0,0,9
0,0,8.7
0,0,8.5
0,0,8.3
0,0,8.4
0,0,9.4
83,75,11.2
361,94,13
315,244,14.7
116,116,15.8
153,153,16.4
370,318,16.5
106,106,16.2
89,89,15.6
328,95,14.3
51,51,12.2
0,0,10.7
0,0,10.1
0,0,9.8
0,0,9.7
0,0,9.6
0,0,9.5
0,0,9.5
0,0,9.6
0,0,9.6
0,0,9.4
0,0,9.2
0,0,8.9
0,0,8.7
0,0,9.2
165,62,10.8
370,86,12.6
551,99,14.1
341,293,15
252,242,15.3
104,104,15.2
43,43,14.8
44,44,14.2
25,25,13.1
42,42,11.4
0,0,10.1
0,0,9.7
0,0,9.4
0,0,9.2
0,0,9
0,0,8.8
0,0,8.5
0,0,8.2
0,0,8.1
0,0,8.1
0,0,8.1
0,0,8.1
0,0,8.4
0,0,9.7
171,61,11.8
29,29,13.4
559,100,14.7
272,254,15.6
373,322,16.2
65,65,16.4
262,246,16.2
178,174,15.7
176,150,14.4
137,60,12.1
0,0,10.3
0,0,9.7
0,0,9.4
0,0,9.4
0,0,9.3
0,0,9.3
0,0,9.2
0,0,9.2
0,0,9.3
0,0,9.6
0,0,9.7
0,0,9.2
0,0,8.5
0,0,9
179,58,11
392,80,13.3
575,93,15.2
706,100,16.5
771,106,17.4
766,104,18.1
690,99,18.3
405,210,17.9
246,145,16.3
80,67,13.5
0,0,11.5
0,0,10.8
0,0,10.3
0,0,9.9
0,0,9.7
0,0,9.4
0,0,8.9
0,0,8.2
0,0,7.8
0,0,6.8
0,0,6.3
0,0,6.1
0,0,6.2
0,0,7.7
188,54,10.5
405,74,13.7
590,86,17.3
721,94,20
784,104,21.6
778,105,22.2
701,102,22.2
558,97,21.5
363,82,19.2
149,55,16.3
0,0,14.4
0,0,13.2
0,0,12.1
0,0,11.3
0,0,10.8
0,0,10.3
0,0,9.5
0,0,8.6
0,0,8.1
0,0,7.5
0,0,7.2
0,0,6.9
0,0,7
0,0,8.5
161,93,11
359,150,13.6
529,199,15.4
643,245,16.1
717,229,16.3
717,215,16.2
324,286,15.9
176,173,15.4
128,128,14.2
49,49,12.1
0,0,10.3
0,0,9.5
0,0,9
0,0,8.4
0,0,8.1
0,0,7.7
0,0,7.1
0,0,6.8
0,0,6.8
0,0,6.6
0,0,6.3
0,0,6
0,0,5.8
0,0,6.7
135,116,8.8
333,209,11.1
510,254,12.8
638,279,13.9
669,349,14.8
565,322,15.3
429,312,15.5
341,245,15.2
52,52,14
11,11,11.9
0,0,10.6
0,0,10.3
0,0,10.1
0,0,10.1
0,0,10.1
0,0,10.1
0,0,10.1
0,0,10.1
0,0,10.1
0,0,9.7
0,0,9.3
0,0,8.8
0,0,8.6
11,11,9.1
13,13,10.6
212,175,12.4
356,259,13.9
482,314,14.8
759,160,15.3
67,67,15.4
245,235,15.2
543,130,14.7
355,108,13.5
147,69,11.1
0,0,9.3
0,0,8.9
0,0,8.8
0,0,9
0,0,9
0,0,8.8
0,0,8.4
0,0,7.9
0,0,7.7
0,0,6.7
0,0,6.2
0,0,5.7
0,0,5.7
12,11,7.4
180,86,10.2
386,129,13.1
567,155,15.3
696,172,16.5
470,356,17
506,351,17.2
274,257,17
76,76,16.5
177,157,14.9
145,76,12.1
0,0,10.3
0,0,9.8
0,0,9.4
0,0,9.1
0,0,8.8
0,0,8.7
0,0,8.7
0,0,8.9
0,0,9
0,0,8.6
0,0,8.1
0,0,7.7
0,0,7.7
10,10,8.6
174,98,10.3
234,181,11.7
566,149,12.3
325,293,12.4
231,224,12.2
435,351,12
516,293,11.7
358,250,11.3
176,157,10.6
69,69,9.5
0,0,8.6
0,0,8.4
0,0,8.2
0,0,8
0,0,7.7
0,0,7.6
0,0,7.6
0,0,7.6
0,0,7.7
0,0,7.9
0,0,8.2
0,0,8.5
0,0,8.7
18,15,9.7
198,67,11.4
184,168,13
331,264,14.5
453,329,15.6
309,289,16.2
503,357,16.5
297,274,16.3
286,244,15.7
356,125,14.5
151,79,12.5
0,0,10.8
0,0,9.9
0,0,9.4
0,0,9.2
0,0,9
0,0,9
0,0,9
0,0,9.2
0,0,9.3
0,0,9.4
0,0,9.3
0,0,9.1
0,0,8.9
2,2,9.7
14,14,11.7
405,112,13.9
589,125,15.6
720,134,16.7
464,362,17.3
361,324,17.6
320,289,17.4
553,144,16.8
364,122,15.5
155,79,13.1
0,0,11.1
0,0,10.2
0,0,9.4
0,0,8.9
0,0,8.4
0,0,8.2
0,0,8.1
0,0,8.2
0,0,8.2
0,0,8.4
0,0,8.4
0,0,8.4
0,0,8.4
10,10,9.6
192,92,11.8
402,128,14.2
585,145,16
719,153,16.9
588,340,17.3
770,175,17.4
195,191,17
367,256,16.3
154,147,14.9
159,77,12.4
0,0,10.4
0,0,9.6
0,0,9.2
0,0,9
0,0,9
0,0,9
0,0,9
0,0,8.9
0,0,8.8
0,0,8.7
0,0,8.6
0,0,8.4
0,0,8.2
21,18,8.9
205,75,10.9
417,103,13.4
600,117,15.3
731,127,16.3
776,174,16.8
448,362,16.9
435,328,16.6
221,210,16
178,161,14.7
165,72,12.5
0,0,10.7
0,0,10
0,0,9.5
0,0,9.2
0,0,9.1
0,0,9.1
0,0,9
0,0,8.9
0,0,8.7
0,0,8.3
0,0,8
0,0,7.6
0,0,7.5
25,20,8.6
213,73,11.1
427,95,13.7
612,107,15.7
742,115,16.9
801,136,17.6
795,135,17.9
718,130,17.9
577,118,17.5
386,100,16.2
171,69,13.6
0,0,11.3
0,0,10.4
0,0,9.6
0,0,9
0,0,8.4
0,0,8
0,0,7.8
0,0,7.6
0,0,7.5
0,0,7.4
0,0,7.3
0,0,7.3
0,0,7.5
15,14,9.3
187,120,12.2
390,182,15.3
569,222,17.9
695,248,19.3
709,397,20
703,393,20.4
625,371,20.3
491,322,19.6
314,239,17.7
121,110,14.8
0,0,12.6
0,0,11.7
0,0,11.1
0,0,10.7
0,0,10.3
0,0,10
0,0,9.8
0,0,9.5
0,0,9.4
0,0,9
0,0,8.8
0,0,8.6
0,0,8.8
9,9,10.5
178,139,13.4
381,226,16.6
558,275,20.4
688,298,23.7
736,352,25.6
735,334,26.5
665,301,26.7
523,276,25.8
338,210,23
139,114,19.7
0,0,17.8
0,0,16.9
0,0,16.1
0,0,15.3
0,0,14.5
0,0,13.5
0,0,12.7
0,0,11.9
0,0,11.6
0,0,11.1
0,0,11.1
0,0,11
0,0,11.1
3,3,12.2
122,104,14.2
281,196,16.1
542,298,17.6
684,308,18.6
571,370,19.2
770,265,19.2
697,241,18.8
452,236,17.9
171,160,16.3
53,53,13.7
0,0,11.7
0,0,11.1
0,0,10.6
0,0,10.2
0,0,10.3
0,0,10.7
0,0,11.1
0,0,11.2
0,0,11.1
0,0,10.5
0,0,10.3
0,0,10.4
0,0,10.7
3,3,11.5
17,17,12.7
36,36,14
59,59,15.1
190,186,15.8
310,292,16.2
350,321,16.3
440,339,16.1
422,257,15.5
38,38,14.5
13,13,13.2
3,3,12.1
0,0,11.5
0,0,11
0,0,10.7
0,0,10.5
0,0,10.3
0,0,10.2
0,0,10.1
0,0,9.9
0,0,9.5
0,0,9.4
0,0,9.2
0,0,9.3
4,4,10
17,17,11.3
37,37,12.4
59,59,12.9
67,67,13
137,137,12.7
74,74,12.4
70,70,12.4
52,52,12.3
110,110,11.8
129,87,10.8
9,9,10.1
0,0,9.7
0,0,9.4
0,0,9.2
0,0,9
0,0,8.8
0,0,8.6
0,0,8.4
0,0,8.3
0,0,8.2
0,0,8.1
0,0,8
0,0,8.2
41,29,9.6
82,82,11.5
38,38,13.1
57,57,14.2
69,69,14.9
171,169,15.3
84,84,15.4
584,298,15.2
53,53,14.7
33,33,13.8
75,75,12.1
13,13,10.5
0,0,9.7
0,0,9.1
0,0,8.8
0,0,8.7
0,0,8.6
0,0,8.3
0,0,7.9
0,0,7.7
0,0,7
0,0,6.9
0,0,6.8
0,0,7.2
42,31,8.5
34,34,10.6
51,51,12.6
88,88,14.1
480,357,15
241,233,15.4
73,73,15.6
114,114,15.5
251,233,15.3
190,172,14.4
190,74,12.6
13,13,11.1
0,0,10.3
0,0,9.6
0,0,8.9
0,0,8.4
0,0,7.9
0,0,7.6
0,0,7.3
0,0,7.2
0,0,6.5
0,0,6.1
0,0,5.8
0,0,6.1
41,32,8.3
240,93,11.4
455,130,14.5
635,160,16.8
760,185,18.1
827,177,18.8
563,383,19.2
441,346,19.2
324,270,18.6
206,180,17.1
178,104,14.5
9,9,12.7
0,0,12.4
0,0,11.8
0,0,10.7
0,0,9.6
0,0,8.9
0,0,8.4
0,0,8.2
0,0,8.1
0,0,7.8
0,0,7.6
0,0,7.4
0,0,7.8
46,34,9.5
249,85,12.1
467,108,14.5
389,298,16.3
785,120,17.5
846,132,18.3
836,135,18.7
755,132,18.6
248,232,18
134,134,16.8
198,75,14.3
16,15,12
0,0,11.2
0,0,10.7
0,0,10.4
0,0,10.1
0,0,9.8
0,0,9.6
0,0,9.6
0,0,9.6
0,0,9.2
0,0,9
0,0,8.9
0,0,9.2
10,10,10.3
18,18,12
72,72,14
404,301,15.3
555,353,15.6
108,108,15.5
66,66,15.2
89,89,14.8
39,39,14.4
199,178,13.7
16,16,12.5
2,2,11.3
0,0,10.7
0,0,10.4
0,0,10.2
0,0,9.8
0,0,9.5
0,0,9.3
0,0,9.1
0,0,9
0,0,8.8
0,0,8.7
0,0,8.7
0,0,9.1
51,38,10.6
254,98,12.8
470,124,14.9
657,136,16.9
788,144,18.4
852,146,19.4
843,144,19.9
766,138,19.9
622,123,19.3
427,103,18
207,73,15.4
20,16,12.9
0,0,11.6
0,0,10.7
0,0,10
0,0,9.5
0,0,9.2
0,0,9.2
0,0,9.3
0,0,9.3
0,0,9.3
0,0,9.2
0,0,9.1
0,0,9.5
58,39,10.9
268,90,13
491,109,14.9
303,273,16.5
400,347,17.7
608,388,18.3
556,395,18.5
780,116,18.2
633,110,17.4
435,96,16.1
212,72,14.1
22,18,12.3
0,0,11.5
0,0,11
0,0,10.7
0,0,10.7
0,0,10.7
0,0,10.7
0,0,10.7
0,0,10.6
0,0,10.3
0,0,10.3
0,0,10.2
0,0,10.6
64,37,12.4
282,76,14.8
237,208,16.6
696,99,18
532,369,19.1
886,116,19.8
878,112,20.1
797,105,19.9
640,117,19.2
444,98,17.7
219,69,15
24,18,12.5
0,0,11.2
0,0,10.3
0,0,9.4
0,0,8.6
0,0,7.9
0,0,7.4
0,0,7.1
0,0,6.9
0,0,6.6
0,0,6.5
0,0,6.4
0,0,6.7
74,32,8.7
299,65,11.8
525,82,15
714,92,17.7
841,97,19.5
904,102,20.8
894,101,21.5
811,97,21.7
661,93,21.3
461,81,19.7
231,60,16.2
26,18,13.1
0,0,11.6
0,0,10.6
0,0,9.7
0,0,9.1
0,0,8.5
0,0,8.1
0,0,7.7
0,0,7.6
0,0,7
0,0,6.7
0,0,6.6
0,0,7.3
76,34,9.6
299,67,12.5
524,83,15.2
711,93,17.3
843,99,18.8
904,105,19.8
889,107,20.2
805,104,19.9
651,110,18.8
453,97,16.9
225,72,14.2
26,21,11.8
0,0,10.5
0,0,9.9
0,0,9.6
0,0,9.5
0,0,9.6
0,0,9.7
0,0,9.9
0,0,10
0,0,10.2
0,0,10.3
0,0,10.3
0,0,10.7
70,47,11.7
283,105,13.1
504,130,14.7
693,135,16.4
828,132,17.8
893,125,19
880,122,19.7
798,116,20
649,109,19.8
452,94,18.7
228,69,16.4
28,20,13.9
0,0,12.7
0,0,11.8
0,0,10.8
0,0,10
0,0,9.5
0,0,9.3
0,0,9.1
0,0,9
0,0,8.5
0,0,8.3
0,0,8.2
0,0,8.6
76,47,10.5
295,98,13.3
519,124,16.3
513,295,18.9
650,322,20.3
667,381,21.4
656,377,22.6
530,362,23.5
377,293,23.5
281,201,21.8
134,104,18.8
15,15,16.8
0,0,16
0,0,15.7
0,0,15.5
0,0,15.1
0,0,14.9
0,0,14.6
0,0,14.1
0,0,13.8
0,0,13.3
0,0,13.2
0,0,13
0,0,13.1
66,53,14.9
151,131,17.5
463,230,19.9
415,321,22
492,384,24
711,340,25.7
819,297,26.6
733,292,26.7
600,238,25.6
399,208,22.6
182,138,18.5
7,7,15.7
0,0,14.4
0,0,13.5
0,0,12.5
0,0,11.5
0,0,10.7
0,0,10.2
0,0,9.8
0,0,9.6
0,0,9.4
0,0,9.3
0,0,9.3
0,0,9.6
7,7,10.4
13,13,11.6
251,221,13.1
63,63,14.3
243,234,14.9
80,80,15.2
110,110,15.4
71,71,15.7
114,114,15.9
175,168,15.6
222,89,14.3
30,25,12.7
0,0,11.7
0,0,11.2
0,0,10.9
0,0,10.6
0,0,10.3
0,0,10
0,0,9.7
0,0,9.6
0,0,9.3
0,0,9
0,0,8.8
0,0,9.4
87,49,11.2
23,23,13.7
94,94,16.3
490,317,18.2
355,327,19.4
888,147,20.3
543,415,20.8
578,355,21
425,297,20.7
192,180,19.6
201,123,17.1
19,18,14.8
0,0,13.7
0,0,12.9
0,0,12
0,0,11.2
0,0,10.8
0,0,10.6
0,0,10.3
0,0,10.1
0,0,9.4
0,0,9.1
0,0,9
0,0,9.6
7,7,11.4
24,24,13.4
45,45,14.8
42,42,15.5
405,358,15.8
578,423,16
258,248,15.8
751,260,15.1
616,204,14
124,124,13.4
17,17,12.8
31,26,12
0,0,11.7
0,0,11.5
0,0,11.4
0,0,11.1
0,0,10.8
0,0,10.7
0,0,10.9
0,0,11
0,0,10.9
0,0,10.9
0,0,10.7
0,0,11
96,52,12.3
318,92,14.1
138,138,15.5
193,190,16.7
433,373,17.6
583,424,18.2
559,418,18.3
408,353,18
668,114,17.3
184,175,16.2
49,49,14.1
38,26,11.9
0,0,10.9
0,0,10.5
0,0,10.4
0,0,10.1
0,0,9.8
0,0,9.6
0,0,9.3
0,0,9.1
0,0,8.7
0,0,8.3
0,0,7.8
0,0,8.2
106,44,10.1
332,75,12.9
555,88,15.9
739,97,18.2
866,103,20.1
921,119,21.4
908,116,22
823,111,22.1
674,103,21.7
475,89,20.5
247,67,17.8
40,25,14.8
0,0,13.2
0,0,12.2
0,0,11.4
0,0,10.8
0,0,10.4
0,0,10
0,0,9.8
0,0,9.7
0,0,9.6
0,0,9.5
0,0,9.3
0,0,10
113,41,12.6
342,69,15.9
564,85,19.3
747,99,22.1
873,107,23.6
931,113,24.5
918,112,24.9
828,110,24.7
677,105,24
475,93,22.1
248,70,18.9
40,25,15.7
0,0,13.8
0,0,12.7
0,0,11.8
0,0,11.1
0,0,10.7
0,0,10.4
0,0,10.3
0,0,10.2
0,0,9.7
0,0,9.3
0,0,9.2
0,0,10
102,59,12.1
97,97,14.7
543,133,17.6
724,153,20.4
849,171,22.3
889,215,23.3
874,216,23.6
789,207,23.3
633,203,22.6
445,156,21
228,104,18.3
34,29,15.6
0,0,14
0,0,13.4
0,0,13.1
0,0,12.7
0,0,12.2
0,0,11.8
0,0,11.5
0,0,11.3
0,0,10.8
0,0,10.6
0,0,10.6
0,0,11.4
96,68,13.2
31,31,15.2
536,151,17.6
724,154,20
853,157,21.7
892,207,22.5
882,196,22.7
800,186,22.4
653,172,21.6
456,146,20
234,104,17.4
37,31,14.7
0,0,13.1
0,0,12.3
0,0,11.8
0,0,11.7
0,0,11.7
0,0,11.7
0,0,11.6
0,0,11.5
0,0,11.3
0,0,11.2
0,0,11.3
0,0,12.1
113,63,13.8
335,107,15.7
556,130,17.8
739,144,19.7
866,152,21
926,151,21.8
910,147,22.3
824,140,22.3
653,176,21.8
457,148,20.7
235,105,18.2
38,32,15.4
0,0,13.7
0,0,12.8
0,0,12.2
0,0,11.8
0,0,11.4
0,0,11.4
0,0,11.7
0,0,11.9
0,0,11.7
0,0,11.5
0,0,11.3
0,0,11.5
46,46,12.9
91,91,15.4
365,255,18.3
469,345,20.6
590,404,22
739,363,22.8
669,410,23.1
260,249,23.1
46,46,22.6
55,55,21.3
65,65,19.1
11,11,16.8
0,0,15.5
0,0,14.6
0,0,14
0,0,13.7
0,0,13.5
0,0,13.3
0,0,13.1
0,0,13.1
0,0,12.8
0,0,12.7
0,0,12.6
0,0,13.2
8,8,14.9
28,28,17.2
29,29,19.4
55,55,20.6
216,208,21.1
291,278,20.8
279,266,20.4
216,209,20
531,275,19.3
445,184,18.1
230,124,16.2
40,34,14.1
0,0,13
0,0,12.4
0,0,12
0,0,11.7
0,0,11.5
0,0,11.4
0,0,11.4
0,0,11.4
0,0,11.4
0,0,11.3
0,0,11.2
0,0,11.3
35,35,12.1
338,129,13
30,30,13.7
240,231,14.2
476,400,14.6
623,441,14.8
285,272,14.7
263,253,14.5
78,78,14.1
88,88,13.7
124,113,12.7
47,34,11.3
0,0,10.4
0,0,10.1
0,0,9.7
0,0,9.3
0,0,8.7
0,0,8.1
0,0,7.5
0,0,7.3
0,0,6.9
0,0,6.9
0,0,6.7
0,0,7.6
130,66,10.1
361,101,13
586,115,15.3
774,122,16.8
621,404,17.9
630,442,18.7
698,403,19.1
594,378,19.1
496,299,18.6
214,196,17.7
21,21,15.7
5,5,13.4
0,0,12.4
0,0,12.3
0,0,12.4
0,0,12.3
0,0,12
0,0,11.3
0,0,10.7
0,0,10.4
0,0,9.9
0,0,9.5
0,0,9
0,0,9.8
139,61,12.3
366,95,14.8
585,115,16.7
765,132,18.2
593,414,19.2
703,418,19.7
921,168,19.9
833,163,19.6
679,167,19.1
478,145,18.1
254,106,16
50,37,13.6
0,0,12.2
0,0,11.7
0,0,11.5
0,0,11.3
0,0,10.9
0,0,10.7
0,0,11
0,0,11.1
0,0,11.3
0,0,11.2
0,0,10.8
0,0,11.1
136,75,12.7
361,118,14.9
583,138,17.2
765,147,19.3
887,152,20.9
943,155,22
709,402,22.6
837,153,22.7
682,147,22.2
480,132,21
251,103,18.7
34,30,16.6
0,0,15.4
0,0,14.6
0,0,13.9
0,0,13.3
0,0,13
0,0,13
0,0,13.1
0,0,13.2
0,0,13.4
0,0,13.3
0,0,13.2
0,0,13.8
7,7,15.3
171,156,17.3
117,117,19.4
58,58,22.1
246,237,24.7
377,352,26.5
685,420,27.5
354,327,27.7
644,232,27.2
443,201,25.6
225,147,22.8
32,31,20.4
0,0,19.2
0,0,18
0,0,16.6
0,0,15.3
0,0,14.4
0,0,13.9
0,0,13.7
0,0,13.7
0,0,13.7
0,0,13.2
0,0,13
0,0,13.7
98,90,15.3
304,218,17.1
513,304,18.4
686,347,19.1
560,424,19.5
706,429,19.8
473,413,19.8
267,255,19.2
407,320,18.1
170,167,16.7
20,20,15.2
5,5,14.1
0,0,13.6
0,0,13.4
0,0,13.2
0,0,12.9
0,0,12.6
0,0,12.2
0,0,11.9
0,0,11.8
0,0,11.1
0,0,10.8
0,0,10.6
0,0,10.8
14,14,11.6
90,90,12.6
156,156,13.5
562,348,14.2
342,321,14.7
587,454,15.2
292,279,15.4
332,311,15.3
653,245,14.9
456,211,14.4
237,143,13.3
43,39,11.5
0,0,10.5
0,0,10.3
0,0,10.3
0,0,10.6
0,0,10.8
0,0,10.7
0,0,10.3
0,0,10
0,0,9.4
0,0,9
0,0,8.8
0,0,9.3
143,87,11
363,141,13.1
388,276,14.9
751,190,16.1
572,428,17.1
522,440,18
83,83,18.7
351,325,18.9
293,272,18.6
251,217,17.7
69,69,15.8
14,14,13.5
0,0,12.1
0,0,11.5
0,0,11.1
0,0,10.9
0,0,10.6
0,0,10.2
0,0,9.8
0,0,9.7
0,0,9.4
0,0,9.1
0,0,8.9
0,0,10
100,79,12.2
165,156,14.7
409,275,17
760,186,18.5
629,422,19.4
610,458,20
546,442,20.3
641,373,20.2
665,211,19.7
464,184,18.7
243,135,16.7
46,41,14.1
0,0,12.5
0,0,11.7
0,0,11
0,0,10.6
0,0,10.3
0,0,10.2
0,0,10
0,0,9.9
0,0,9.5
0,0,9.3
0,0,9.1
0,0,10.2
158,79,12.6
385,121,16
602,145,18.9
783,160,20.7
905,168,22
823,366,22.8
917,220,23.2
824,212,23.2
664,216,22.7
466,181,21.6
246,129,19
48,42,16
0,0,14.3
0,0,13.7
0,0,13.3
0,0,13
0,0,13
0,0,12.9
0,0,12.6
0,0,12.4
0,0,11.7
0,0,11.4
0,0,11.4
0,0,12.5
42,42,14.8
364,153,17.7
575,188,20.4
749,209,22.1
868,219,23.2
928,203,23.6
424,386,23.3
603,395,22.1
329,295,20.6
238,213,18.8
257,114,17
56,44,15.3
0,0,14.1
0,0,13.5
0,0,13.2
0,0,13
0,0,12.7
0,0,12.5
0,0,12.3
0,0,12.2
0,0,12
0,0,11.9
0,0,11.8
0,0,12.5
170,78,13.9
400,109,15.5
276,252,17.4
800,135,19.1
921,141,20.2
972,148,20.9
954,144,21.1
709,316,20.8
485,322,20.1
509,113,19.2
280,90,17.4
66,42,15.6
0,0,14.3
0,0,13.4
0,0,12.6
0,0,12
0,0,11.6
0,0,11.4
0,0,11.4
0,0,11.3
0,0,11
0,0,10.8
0,0,11
0,0,11.9
34,34,13.7
121,121,16
398,287,18.4
133,133,20.5
607,435,21.9
701,449,22.9
633,452,23.4
503,403,23.4
210,205,23.2
225,206,22.6
131,122,21
31,31,19.3
0,0,18.6
0,0,18.3
0,0,17.9
0,0,17.6
0,0,17.2
0,0,16.7
0,0,16.2
0,0,15.9
0,0,15.3
0,0,14.9
0,0,14.7
2,2,15.8
153,109,18.4
369,187,21.6
576,241,24.5
743,279,26.5
856,302,27.5
916,283,28.1
897,278,28.2
812,264,27.9
645,281,27.2
449,240,26
234,163,23.4
42,40,20.6
0,0,19.5
0,0,19.6
0,0,19.7
0,0,19.4
0,0,18.5
0,0,17.8
0,0,17.4
0,0,17.2
0,0,16.4
0,0,15.8
0,0,15.4
1,1,16.1
148,114,18.1
360,201,20.8
566,253,23.4
733,289,24.8
844,312,25.6
804,384,26
670,449,26.3
768,363,26.1
647,271,25.4
460,218,24.1
248,149,21.7
53,47,18.7
0,0,16.7
0,0,15.7
0,0,15.2
0,0,14.9
0,0,14.8
0,0,14.5
0,0,14.2
0,0,14
0,0,13.5
0,0,13.2
0,0,12.9
7,7,14.3
172,103,17.2
392,165,20.6
602,205,24
775,231,26.3
893,245,27.6
932,283,28.2
904,299,28.2
801,312,27.2
633,323,25.1
430,279,22.1
215,178,19
26,26,17
0,0,15.9
0,0,15.2
0,0,14.5
0,0,13.9
0,0,13.3
0,0,12.9
0,0,12.5
0,0,12.3
0,0,11.8
0,0,11.6
0,0,11.6
12,12,12.7
194,82,14.7
431,106,16.8
655,117,18.6
833,124,20.1
953,128,21.2
1005,128,21.9
984,126,22.3
893,121,22.1
740,112,21.4
535,101,20.2
303,83,18.2
81,42,15.5
0,0,13.6
0,0,12.8
0,0,12.1
0,0,11.6
0,0,11.3
0,0,11
0,0,10.9
0,0,10.9
0,0,10.8
0,0,10.7
0,0,10.5
18,16,11.5
207,73,13.9
442,100,16.5
661,117,18.6
838,126,20.3
956,133,21.6
1011,127,22.5
990,122,23
900,115,23
745,108,22.4
541,96,21.1
308,75,18.9
84,39,16.2
0,0,14.2
0,0,13.2
0,0,12.5
0,0,11.8
0,0,11.2
0,0,10.8
0,0,10.4
0,0,10.3
0,0,9.9
0,0,9.7
0,0,9.8
21,17,11.1
213,74,13.6
446,104,16.4
664,125,19
839,141,21.3
956,154,23.2
1007,163,24.5
985,160,25.4
893,152,25.8
731,148,25.5
528,127,24.3
297,98,21.5
78,48,18.2
0,0,16.1
0,0,14.9
0,0,14
0,0,13.2
0,0,12.7
0,0,12.5
0,0,12.4
0,0,12.5
0,0,12.2
0,0,11.9
0,0,11.9
19,17,13.2
205,87,15.9
436,130,19.3
650,163,23.5
821,190,26.8
934,213,29
950,297,30.6
923,296,31.6
835,276,32.1
687,242,32
491,202,31
234,119,28.7
62,55,26.2
0,0,24.1
0,0,22.3
0,0,21.2
0,0,20.8
0,0,20.4
0,0,19.8
0,0,19.2
0,0,18.9
0,0,18.9
0,0,18.9
0,0,18.7
0,0,18.8
47,47,19.7
202,184,20.9
559,361,21.7
738,381,22.3
753,374,22.7
739,450,23.1
689,453,23.7
721,328,23.7
648,341,23.1
468,254,21.8
258,165,19.9
63,56,17.5
0,0,15.6
0,0,14.7
0,0,14.1
0,0,13.7
0,0,13.4
0,0,13.3
0,0,13.3
0,0,13.2
0,0,13
0,0,12.9
0,0,12.9
8,8,13.7
192,119,15.3
295,200,17
418,304,18.4
403,357,19.3
415,380,20
163,159,20.5
279,266,20.9
124,124,20.7
117,117,20
108,108,19
17,17,17.7
20,20,16.6
0,0,15.6
0,0,14.8
0,0,14.3
0,0,14.1
0,0,14
0,0,13.8
0,0,13.4
0,0,13.2
0,0,12.8
0,0,12.6
0,0,12.6
4,4,13.4
169,136,15.2
127,127,17.6
212,206,19.7
111,111,21
211,203,21.8
739,455,22.3
963,148,22.3
872,148,22.1
711,160,21.7
505,156,20.9
280,124,19.4
73,56,17.1
0,0,15.4
0,0,14.8
0,0,14.2
0,0,13.7
0,0,13.2
0,0,12.7
0,0,12.3
0,0,12.1
0,0,11.8
0,0,11.5
0,0,11.5
27,24,12.7
17,17,14.7
147,147,16.3
667,122,17.9
381,345,19.3
576,452,20.4
200,192,21
462,415,21.1
624,409,20.8
530,325,20.1
520,139,19
296,105,17.5
84,52,15.5
0,0,13.9
0,0,13.1
0,0,12.5
0,0,11.9
0,0,11.4
0,0,11.1
0,0,10.9
0,0,10.8
0,0,10.7
0,0,10.8
0,0,10.9
34,26,12.1
234,77,14.4
468,101,16.2
378,305,17.9
544,395,19.4
969,131,20.5
1017,134,21.1
993,136,21.2
896,134,20.9
741,129,20.1
538,117,18.9
309,93,17.3
91,48,15
0,0,13.2
0,0,12.4
0,0,11.8
0,0,11.5
0,0,11.3
0,0,11.2
0,0,11
0,0,10.8
0,0,10.4
0,0,10
0,0,9.9
36,26,11.4
233,79,14
466,104,16.1
679,122,17.6
664,343,18.8
964,145,19.7
756,451,20.2
730,444,20.2
889,158,19.9
731,157,19.2
530,139,18.1
305,109,16.7
89,55,14.8
0,0,13.2
0,0,12.5
0,0,12
0,0,11.6
0,0,11.3
0,0,10.9
0,0,10.6
0,0,10.6
0,0,10.5
0,0,10.5
0,0,10.4
38,28,11.6
240,78,13.8
473,103,15.7
445,310,17.3
522,398,18.6
561,452,19.6
765,452,20.2
766,410,20.3
718,343,20
490,341,19.4
537,127,18.4
312,99,17
94,53,14.9
0,0,13.1
0,0,12.2
0,0,11.7
0,0,11.4
0,0,11.2
0,0,11.3
0,0,11.5
0,0,11.6
0,0,11.8
0,0,11.7
0,0,11.7
14,14,12.4
91,91,13.7
154,153,15
64,64,16
834,198,16.5
356,335,16.7
604,480,16.9
982,182,16.9
711,351,16.7
521,334,16.2
539,135,15.6
312,104,14.6
95,55,13.1
0,0,11.7
0,0,10.9
0,0,10.3
0,0,9.8
0,0,9.4
0,0,9.1
0,0,8.8
0,0,8.6
0,0,8.4
0,0,8.3
0,0,8.5
44,30,10.2
248,79,12.9
481,105,14.9
696,122,16.4
608,388,17.6
691,446,18.5
773,443,19.1
1002,147,19.3
907,143,19.2
756,132,18.6
553,117,17.7
327,89,16.2
104,48,13.7
0,0,11.6
0,0,10.8
0,0,10.4
0,0,10.1
0,0,10.1
0,0,10.2
0,0,10.3
0,0,10.3
0,0,10
0,0,9.7
0,0,9.4
30,27,10.3
234,109,12.8
462,151,15.5
669,179,17.7
838,197,19.4
949,207,20.8
992,219,21.8
962,223,22.3
867,222,22.3
699,245,21.9
508,195,21.1
294,136,19.3
89,62,16.7
0,0,14.6
0,0,13.5
0,0,12.6
0,0,11.8
0,0,11.2
0,0,10.7
0,0,10.4
0,0,10.2
0,0,9.5
0,0,9.2
0,0,9.3
39,34,11.1
232,111,14.2
457,155,17.8
505,299,21.4
828,217,23.9
930,254,25.5
877,394,26.7
894,413,27.3
801,402,27.5
669,315,27.2
480,260,26.3
270,179,23.7
73,66,20.2
0,0,18
0,0,16.8
0,0,15.9
0,0,15.1
0,0,14.4
0,0,13.9
0,0,13.4
0,0,13.2
0,0,12.5
0,0,12.3
0,0,12.6
25,25,14.2
205,157,16.4
417,256,18.9
616,323,22.3
776,364,25.6
886,386,27.5
924,404,28.4
674,470,28.7
727,344,28.6
642,386,28
452,314,26.6
243,202,24.1
50,49,21
0,0,18.7
0,0,17.5
0,0,16.8
0,0,16.5
0,0,16
0,0,15.2
0,0,14.6
0,0,14.4
0,0,13.8
0,0,13.3
0,0,13.1
33,32,14.6
225,140,17.4
450,191,20.9
662,219,24.7
832,235,27.1
947,236,28.6
985,251,29.5
963,243,29.9
872,228,29.9
706,246,29.3
509,210,27.8
290,158,25.1
86,70,22
0,0,20.2
0,0,19.1
0,0,18.2
0,0,17.5
0,0,16.8
0,0,16.2
0,0,15.6
0,0,15.3
0,0,14.7
0,0,14.5
0,0,14.6
44,39,15.8
238,120,18.1
462,156,21.2
673,174,24.9
842,186,27.4
953,195,28.6
992,212,29.3
969,207,29.4
878,200,29.1
706,236,28.2
511,204,26.8
293,153,24.6
87,69,21.4
0,0,18.8
0,0,17.4
0,0,16.5
0,0,15.9
0,0,15.7
0,0,15.7
0,0,15.7
0,0,15.7
0,0,15.5
0,0,15.2
0,0,15
50,40,16.2
249,107,18.7
478,142,21.7
688,162,24.8
857,175,26.9
968,183,28.2
1007,200,29.1
985,190,29.6
895,175,29.7
737,174,29.3
535,155,28.2
307,127,26
93,68,22.4
0,0,19.8
0,0,18.8
0,0,18.3
0,0,18
0,0,17.9
0,0,17.7
0,0,17.4
0,0,17.2
0,0,16.8
0,0,16.6
0,0,16.8
26,25,18.4
208,164,21.4
424,259,24.7
625,318,28.1
786,360,30.6
891,390,32.1
938,391,32.9
919,380,33.2
829,359,32.9
682,321,32
490,268,30.2
279,187,27.4
81,72,24.1
0,0,22.1
0,0,21.7
0,0,21.5
0,0,21
0,0,19.7
0,0,18.2
0,0,17
0,0,16.5
0,0,15.9
0,0,15.5
0,0,15.4
45,41,16.8
233,149,19.1
445,220,21.9
642,265,25.4
798,302,28.4
898,333,30
923,388,30.7
736,457,30.9
700,389,30.6
655,348,29.8
465,298,28.2
257,203,25.7
61,59,22.6
0,0,20.3
0,0,19.3
0,0,18.7
0,0,18.3
0,0,18.1
0,0,17.9
0,0,17.7
0,0,17.5
0,0,17.1
0,0,16.9
0,0,17.1
26,26,18.9
204,171,21.6
407,288,23.9
532,301,26.9
765,393,30.2
874,411,32.6
897,474,33.9
872,464,34.3
787,431,34.1
652,374,33.8
468,307,32.8
259,208,30.1
60,59,26.9
0,0,25.8
0,0,25.8
0,0,26
0,0,26
0,0,25.6
0,0,24.9
0,0,23.3
0,0,22.2
0,0,21.1
0,0,20.6
0,0,20.5
19,19,21.2
87,87,23.3
29,29,26.2
52,52,27.4
118,118,26.2
140,139,25.6
426,395,26.9
461,418,29.6
354,332,31.8
599,308,31.8
371,254,30.1
93,93,26.8
34,34,23.7
0,0,22.1
0,0,21.2
0,0,20.5
0,0,20.2
0,0,20
0,0,19.7
0,0,19.6
0,0,19.5
0,0,18.5
0,0,17.4
0,0,17
34,33,18.1
211,168,20.1
312,230,22.2
609,329,24.2
646,392,25.7
727,448,26.3
928,363,26.3
521,451,25.7
701,395,24.9
610,290,23.7
540,160,22.4
329,113,20.7
117,61,18.5
0,0,16.5
0,0,15.3
0,0,14.5
0,0,13.9
0,0,13.5
0,0,13.1
0,0,12.9
0,0,12.8
0,0,12.8
0,0,12.8
0,0,13.1
73,46,14.4
285,95,16.4
519,115,18.4
731,125,20.5
896,132,22.6
1006,137,24.3
1051,135,25.6
1025,134,26.5
931,128,26.9
773,131,26.8
573,116,26
345,96,24
122,59,20.9
0,0,18.2
0,0,16.8
0,0,15.9
0,0,15.1
0,0,14.4
0,0,13.8
0,0,13.4
0,0,13.2
0,0,13
0,0,13.2
0,0,13.8
73,46,15.6
285,91,18.4
517,115,22
726,132,26.1
892,145,29.2
997,158,31.3
1038,169,32.8
931,299,33.8
925,144,34.4
760,157,34.3
508,146,32.7
18,18,29.2
113,70,25.6
0,0,23.3
0,0,21.7
0,0,21.4
0,0,21.9
0,0,21.7
0,0,20.7
0,0,20.3
0,0,20.4
0,0,20.9
0,0,21
0,0,21.3
46,44,23.2
229,165,26.4
440,254,29.3
630,317,31.8
786,357,33.9
895,352,35.8
910,396,37
695,477,36.7
315,299,34.6
80,80,31.2
264,236,28.3
41,41,26.1
12,12,23.7
0,0,21.6
0,0,20
0,0,18.9
0,0,18.3
0,0,17.8
0,0,17.3
0,0,17
0,0,17
0,0,16.6
0,0,16.1
0,0,16.1
6,6,16.9
22,22,18.5
222,205,20.2
472,332,21.8
852,216,23
970,208,23.9
988,286,24.4
977,251,24.5
897,219,24.1
735,227,23.3
556,166,22.2
340,117,20.6
125,65,18.5
0,0,16.6
0,0,15.5
0,0,14.8
0,0,14.4
0,0,14.1
0,0,14
0,0,14
0,0,14
0,0,14.1
0,0,14
0,0,14.2
82,46,15.4
295,84,17.4
525,102,19.3
732,113,21
897,121,22.4
1006,126,23.4
1034,167,24.1
1011,158,24.3
919,151,24.1
769,137,23.5
570,124,22.3
345,103,20.7
126,64,18.5
0,0,16.5
0,0,15.3
0,0,14.5
0,0,13.9
0,0,13.5
0,0,13.1
0,0,13
0,0,12.9
0,0,12.9
0,0,13
0,0,13.5
80,51,14.9
23,23,16.6
515,121,18.2
478,333,19.8
643,401,21.2
588,471,22.2
1033,159,22.8
685,481,22.9
627,430,22.7
761,153,22
568,126,20.9
350,97,19.5
131,58,17.6
0,0,15.9
0,0,14.8
0,0,14.1
0,0,13.5
0,0,12.9
0,0,12.6
0,0,12.4
0,0,12.3
0,0,12.4
0,0,12.6
0,0,13
88,45,14.5
298,83,16.6
525,102,18.5
731,114,20.3
892,119,21.9
999,122,23.2
1040,129,24.1
1014,128,24.7
923,125,24.7
771,118,24.2
576,104,23.1
355,85,21.2
135,53,18.7
0,0,16.4
0,0,15.1
0,0,14.2
0,0,13.5
0,0,12.9
0,0,12.5
0,0,12.1
0,0,11.9
0,0,11.5
0,0,11.4
0,0,11.8
93,40,13.7
305,71,16.7
532,89,19.7
736,102,22.5
898,110,25.2
1005,115,27.5
1050,108,28.9
1022,106,29.6
931,102,29.7
774,109,29.2
580,97,28.1
357,81,25.9
137,52,22.6
0,0,19.6
0,0,18
0,0,17.1
0,0,16.4
0,0,15.9
0,0,15.5
0,0,15.2
0,0,15.1
0,0,14.9
0,0,14.9
0,0,15.5
92,42,17.9
302,77,21.3
527,99,24.9
729,114,28.2
891,126,30.3
996,133,31.6
1022,168,32.5
996,167,32.9
906,161,32.8
750,165,32.3
560,144,31.1
341,114,28.9
129,68,25.4
0,0,22.5
0,0,21.1
0,0,20.2
0,0,19.6
0,0,19.1
0,0,18.6
0,0,18.1
0,0,17.8
0,0,17.2
0,0,16.8
0,0,17.2
90,47,19.6
301,88,22.9
526,113,26.4
729,129,29.9
892,140,32.1
997,146,33.4
1048,126,34.2
1019,126,34.5
928,124,34.3
777,120,33.5
581,109,32.1
360,91,29.8
140,58,26.4
0,0,23.5
0,0,22
0,0,20.9
0,0,20.1
0,0,19.4
0,0,18.7
0,0,18.1
0,0,17.9
0,0,17.3
0,0,17
0,0,17.4
93,48,20
304,89,23.5
530,114,27.1
733,131,30.6
895,143,33.1
1001,151,34.7
1032,182,35.7
1004,186,36.1
911,183,36
757,181,35.3
558,165,33.6
336,136,30.7
82,69,26.9
0,0,23.7
0,0,21.8
0,0,20.7
0,0,19.8
0,0,19.4
0,0,19.3
0,0,19.1
0,0,19
0,0,18.5
0,0,18.2
0,0,18.5
85,58,20.5
285,120,23.6
501,163,26.9
697,198,30.3
854,223,33.2
954,240,35
1009,215,36.1
982,218,36.5
889,214,36.1
741,202,34.9
549,179,32.9
334,142,30.3
126,82,26.9
0,0,24
0,0,22.6
0,0,21.9
0,0,21.7
0,0,21.6
0,0,21.4
0,0,21.1
0,0,20.9
0,0,20.4
0,0,20.5
0,0,21
78,64,22.3
275,151,24.5
489,203,27.4
687,238,30.5
847,257,33.5
955,262,35.9
985,291,37.4
965,274,38
876,250,38
742,200,37.5
550,179,36.2
336,145,33.7
127,84,29.7
0,0,26.5
0,0,24.8
0,0,23.8
0,0,23.1
0,0,22.7
0,0,22.5
0,0,22.5
0,0,22.4
0,0,22.1
0,0,21.7
0,0,21.7
80,63,23.7
279,142,26.8
494,193,29.7
686,236,32
835,276,33.3
930,310,33.6
949,376,33.1
922,370,32.3
836,348,31.3
721,245,30.2
536,205,28.6
326,157,26.6
123,86,23.8
0,0,21.3
0,0,19.7
0,0,18.6
0,0,17.9
0,0,17.2
0,0,16.6
0,0,16.1
0,0,15.8
0,0,14.8
0,0,14.2
0,0,14.7
106,46,16.9
324,76,20.1
549,100,23.9
747,128,27.4
902,160,29.7
996,190,31
1020,240,31.7
986,250,32
893,245,31.8
720,290,31.2
530,250,30.3
320,187,28.6
117,94,25.4
0,0,22.6
0,0,21.2
0,0,20.3
0,0,19.6
0,0,18.9
0,0,18.2
0,0,17.5
0,0,17.1
0,0,16
0,0,15.3
0,0,15.5
98,57,17.4
310,101,20.1
536,120,22.8
739,132,25.4
902,138,27.3
1009,141,28.8
1057,129,29.7
1032,125,30.1
942,120,30
791,117,29.2
597,105,27.8
375,88,25.7
153,59,23.1
0,0,20.7
0,0,19.1
0,0,17.9
0,0,17.1
0,0,16.6
0,0,16.2
0,0,15.9
0,0,15.7
0,0,15.4
0,0,15.1
0,0,15.6
102,50,17.4
313,87,20.3
534,110,23.3
730,135,25.8
884,161,28
983,185,29.8
1023,191,31.1
993,195,31.7
900,190,31.8
732,227,31.3
545,197,30.3
333,153,28.4
130,89,25.6
0,0,22.7
0,0,21
0,0,20
0,0,19.2
0,0,18.5
0,0,18
0,0,17.6
0,0,17.5
0,0,17.5
0,0,17.6
0,0,18.2
91,61,19.9
290,122,22.8
505,159,26.4
703,181,30
862,193,32.9
966,204,34.9
979,281,36
954,276,36.5
869,258,36.5
721,243,35.8
537,205,34.3
329,157,31.9
127,89,28.5
0,0,25.5
0,0,23.7
0,0,22.8
0,0,22.3
0,0,22
0,0,21.9
0,0,21.6
0,0,21.5
0,0,21.1
0,0,20.9
0,0,21.3
88,66,23.6
286,137,27.2
499,185,31.1
694,219,34.7
850,243,37.2
953,258,38.6
988,280,39.3
962,279,39.5
870,270,39.3
724,255,38.6
532,230,37.5
320,183,35.2
117,97,31.4
0,0,28.2
0,0,26.7
0,0,25.9
0,0,25.4
0,0,25
0,0,24.7
0,0,24.7
0,0,24.7
0,0,24.5
0,0,24.3
0,0,24.6
68,63,26.2
257,181,28.7
463,258,32.2
655,308,36
809,339,39
915,355,40.7
934,424,41.8
915,403,42.4
835,368,42.5
704,307,42.2
526,252,41.4
322,187,39.1
123,98,35.9
0,0,33.9
0,0,33
0,0,32.2
0,0,31
0,0,29.5
0,0,28.2
0,0,27.3
0,0,26.9
0,0,26.1
0,0,25.8
0,0,26.2
15,15,28.4
209,144,31.4
339,246,34.6
542,324,37.8
827,293,39.7
876,387,40.6
929,396,40.8
827,416,40.4
680,424,39.3
611,332,37.3
424,260,34.7
329,178,31.9
128,98,29.1
0,0,26.5
0,0,24.8
0,0,23.7
0,0,23
0,0,22.2
0,0,21.5
0,0,20.9
0,0,20.6
0,0,20.1
0,0,19.7
0,0,20
82,71,21.2
51,51,23
481,217,25
552,319,27.1
710,358,29.1
932,282,30.8
971,291,31.9
857,415,32.4
715,404,32.3
684,345,31.4
501,307,29.8
296,226,27.6
100,94,25.2
0,0,23.1
0,0,21.7
0,0,20.8
0,0,20.1
0,0,19.4
0,0,18.8
0,0,18.3
0,0,18.1
0,0,17.4
0,0,17
0,0,17.3
85,72,18.9
283,159,21.1
496,204,23.7
695,232,26.2
856,245,28.3
939,276,29.9
988,311,31.3
964,309,32.2
777,356,32.3
736,264,31.4
552,219,29.5
297,148,27.1
101,78,24.6
0,0,22.3
0,0,20.5
0,0,19.3
0,0,18.4
0,0,17.6
0,0,17
0,0,16.4
0,0,16.1
0,0,15.5
0,0,15.1
0,0,15.6
79,56,17.6
309,108,20.6
421,215,23.8
724,161,26.6
882,175,29
987,183,30.8
1023,202,32.1
1002,198,32.8
913,192,32.9
751,220,32.3
564,188,31.2
351,145,29.2
143,88,26.3
0,0,23.3
0,0,21.3
0,0,20.1
0,0,19.4
0,0,18.9
0,0,18.7
0,0,18.5
0,0,18.5
0,0,18.2
0,0,17.9
0,0,18.2
93,72,19.7
288,142,21.9
503,183,24.5
698,208,27
858,223,29.2
963,230,31.1
989,277,32.6
967,271,33.6
878,258,34
739,231,33.6
554,203,32.4
345,162,30.4
141,96,27.5
3,3,24.7
0,0,22.8
0,0,21.6
0,0,20.7
0,0,20
0,0,19.5
0,0,19.2
0,0,19.1
0,0,18.8
0,0,18.4
0,0,19
97,66,21
294,127,23.7
505,165,26.5
699,190,29.5
854,210,32.6
955,225,35.4
1005,206,37.4
982,210,38.5
893,206,38.4
742,212,37.4
557,194,35.4
348,159,32.6
143,96,29.3
3,3,26.3
0,0,24.2
0,0,23
0,0,22.2
0,0,21.6
0,0,21
0,0,20.6
0,0,20.5
0,0,20.2
0,0,20.2
0,0,21
92,67,23.3
286,136,26.3
495,176,29.9
688,203,33.8
844,220,37
951,234,39.2
991,242,40.4
964,243,40.7
876,236,40.3
728,235,39.2
544,207,37.4
338,164,34.8
139,97,31.5
3,3,28.4
0,0,26.3
0,0,25.1
0,0,24.2
0,0,23.5
0,0,22.9
0,0,22.4
0,0,22.1
0,0,21.6
0,0,21.4
0,0,21.9
87,71,23.6
277,155,26.1
483,209,29.2
674,247,32.6
825,272,35.3
926,289,37.1
970,288,38
943,289,38.1
856,282,37.4
677,267,36
537,228,34
337,181,31.8
83,78,29.3
3,3,26.9
0,0,25.3
0,0,24.3
0,0,23.4
0,0,22.6
0,0,22
0,0,21.6
0,0,21.4
0,0,20.9
0,0,20.6
0,0,21
95,72,22.6
290,141,25
502,182,28
695,209,30.8
851,226,33
954,236,34.4
981,283,35.4
960,276,35.8
878,262,35.7
735,247,34.8
554,217,33.3
349,171,31.2
147,101,28.6
5,5,25.9
0,0,23.8
0,0,22.6
0,0,21.7
0,0,21
0,0,20.4
0,0,19.9
0,0,19.7
0,0,19.3
0,0,19.2
0,0,19.7
95,73,21.3
290,145,23.6
501,188,26.2
695,216,28.7
850,234,31.2
953,247,33.3
998,244,34.9
977,242,35.8
890,235,35.9
745,236,35.3
560,209,33.9
353,168,31.7
149,101,28.8
5,5,25.9
0,0,23.9
0,0,22.6
0,0,21.7
0,0,21
0,0,20.5
0,0,20.2
0,0,20.2
0,0,20.2
0,0,19.8
0,0,20.1
95,73,21.7
290,145,24.3
500,187,27.6
694,212,30.9
850,230,33.4
953,241,35.2
994,242,36.5
968,247,37.1
879,244,37
726,261,36.2
543,236,34.7
338,188,32.6
138,108,29.9
2,2,27.1
0,0,25.1
0,0,23.8
0,0,23
0,0,22.5
0,0,22
0,0,21.7
0,0,21.6
0,0,21.4
0,0,21.4
0,0,22.1
6,6,24.1
270,173,27.1
474,234,30.4
662,273,33.4
799,301,35.7
916,314,37.1
972,279,37.8
949,278,38
863,272,37.6
715,279,36.5
533,248,34.6
331,197,31.7
133,109,28.3
2,2,25.5
0,0,24
0,0,23.5
0,0,23.1
0,0,22.9
0,0,22.8
0,0,22.8
0,0,22.7
0,0,22.5
0,0,22
0,0,22.5
6,6,24.3
269,180,26.9
410,225,30
654,293,32.6
802,323,34.4
902,342,35.7
957,297,36.5
933,302,36.5
847,301,35.2
638,305,33.5
526,273,32.1
330,206,30.9
137,111,29.4
3,3,27.4
0,0,25.8
0,0,24.8
0,0,24.5
0,0,24.8
0,0,24.5
0,0,23.8
0,0,23.4
0,0,23
0,0,23
0,0,23.7
79,72,25.4
266,180,27.7
470,241,30.4
653,288,32.4
799,325,33.2
893,353,33.2
493,444,33.1
930,304,33.1
845,303,33
450,367,32.7
138,138,31.7
332,204,30
86,81,28.2
3,3,26.5
0,0,25.1
0,0,24.2
0,0,23.7
0,0,23.2
0,0,22.6
0,0,21.9
0,0,21.6
0,0,21.2
0,0,21
0,0,21.5
90,75,23.1
277,164,25.5
479,221,28.1
666,262,30.2
816,289,31.8
917,305,33
981,242,33.7
961,241,33.9
880,231,33.5
744,214,32.4
565,189,30.9
360,153,28.9
157,97,26.6
10,10,24.5
0,0,23
0,0,22.1
0,0,21.5
0,0,21
0,0,20.5
0,0,20
0,0,19.9
0,0,19.5
0,0,19.3
0,0,19.8
91,74,21.3
114,114,23.3
485,208,25.6
676,239,27.8
830,256,29.6
933,265,30.9
963,316,31.7
944,305,31.8
863,288,30.9
725,275,29.4
549,234,27.4
350,181,25.5
152,107,23.9
8,8,22.7
0,0,22
0,0,21.4
0,0,20.8
0,0,20.2
0,0,19.8
0,0,19.7
0,0,19.6
0,0,19.6
0,0,19.6
0,0,20.1
99,75,21.3
293,143,23.1
504,181,25.2
700,204,27.6
856,220,29.8
963,229,31.6
1017,199,32.7
995,199,33.2
912,195,33.3
770,187,32.9
585,166,32
376,136,30.6
167,90,28.3
13,13,25.7
0,0,23.9
0,0,22.7
0,0,21.7
0,0,21.1
0,0,20.8
0,0,20.6
0,0,20.5
0,0,20.4
0,0,20.3
0,0,20.8
104,69,22.6
302,125,25.9
514,161,29.2
708,185,31.5
868,198,33
975,202,34.1
1022,202,34.9
1000,201,35.4
915,196,35.4
758,226,34.9
573,205,34.2
365,167,32.9
160,104,30.3
10,10,27.3
0,0,25.6
0,0,24.5
0,0,23.6
0,0,22.8
0,0,22.3
0,0,22
0,0,21.9
0,0,21.8
0,0,21.9
0,0,22.5
101,69,24.5
296,131,27.8
507,168,31.3
702,192,33.7
857,208,35.3
961,218,36.3
997,243,37
976,242,37.3
892,234,37.3
769,177,36.8
587,162,35.9
377,137,34.4
168,93,31.9
13,13,29
0,0,27.2
0,0,26
0,0,25.1
0,0,24.4
0,0,23.9
0,0,23.1
0,0,22.6
0,0,21.6
0,0,21.2
0,0,21.6
102,71,23.3
297,127,25.8
510,157,28.4
707,174,30.5
866,179,31.9
975,180,32.8
1006,219,33.3
985,216,33.2
905,209,32.6
761,213,31.5
581,185,29.9
376,146,28.2
171,93,26.2
16,15,24.3
0,0,22.9
0,0,22.1
0,0,21.5
0,0,21.1
0,0,20.7
0,0,20.4
0,0,20.3
0,0,20
0,0,19.9
0,0,20.4
109,63,21.9
309,106,23.7
521,125,25.7
714,139,27.5
868,154,28.9
971,168,29.9
1006,197,30.5
984,196,30.6
901,189,30.2
769,166,29.6
592,144,28.6
386,117,27.3
177,79,25.7
18,17,24
0,0,22.6
0,0,21.8
0,0,21.1
0,0,20.7
0,0,20.4
0,0,20.2
0,0,20.2
0,0,20.1
0,0,20.1
0,0,20.6
106,65,22
303,111,23.9
514,136,26
707,152,27.9
863,162,29.4
967,168,30.6
1012,165,31.3
991,166,31.7
909,161,31.6
663,288,31
574,176,30.1
371,144,28.7
169,94,27
16,15,25.1
0,0,23.7
0,0,22.6
0,0,21.7
0,0,21
0,0,20.5
0,0,20.1
0,0,20
0,0,19.6
0,0,19.4
0,0,19.8
104,69,21.5
300,129,24.3
510,165,27.1
702,186,29.2
857,200,31
962,209,32.3
1015,177,33.1
994,177,33.4
912,172,33.3
781,142,32.8
600,129,31.7
392,108,30.3
184,75,28.4
21,18,26.3
0,0,24.7
0,0,23.7
0,0,22.8
0,0,22.2
0,0,21.8
0,0,21.6
0,0,21.5
0,0,21.6
0,0,21.7
0,0,22.2
105,64,24.1
301,118,27
510,151,29.8
702,173,31.7
855,188,33.2
959,197,34.2
993,229,34.9
971,236,35
886,233,34.6
751,213,33.7
574,186,32.4
372,147,30.9
171,93,29.2
17,16,27.2
0,0,25.6
0,0,24.7
0,0,24
0,0,23.4
0,0,22.9
0,0,22.5
0,0,22.4
0,0,21.9
0,0,21.6
0,0,22.1
107,60,24.1
305,103,26.6
516,130,28.9
708,150,30.7
862,166,32
967,180,32.8
1008,191,33.1
985,200,33.1
899,200,32.7
740,264,31.9
562,232,30.8
361,179,29.4
163,107,27.6
13,13,25.8
0,0,24.5
0,0,23.6
0,0,22.9
0,0,22.4
0,0,22
0,0,21.6
0,0,21.4
0,0,21
0,0,20.8
0,0,21.1
105,64,22.7
301,111,25.3
513,137,27.9
707,152,30
866,160,31.5
972,163,32.5
1017,171,33.1
998,170,33.1
918,164,32.7
782,156,31.9
603,140,30.9
397,115,29.6
185,79,27.7
22,19,25.5
0,0,23.9
0,0,23.1
0,0,22.5
0,0,22.1
0,0,21.8
0,0,21.5
0,0,21.4
0,0,20.9
0,0,20.6
0,0,21.1
113,54,23.3
318,91,26.5
531,114,29.4
726,133,31.4
878,153,32.8
978,167,33.7
1028,157,34.1
1009,156,34.1
930,149,33.8
779,173,33
593,162,31.8
382,141,30.3
174,95,28.3
19,18,26
0,0,24.3
0,0,23.4
0,0,22.7
0,0,22.3
0,0,21.8
0,0,21.4
0,0,21.2
0,0,20.6
0,0,20.4
0,0,20.8
104,62,22.7
300,113,25.4
505,152,28
695,182,30.2
849,202,32
952,217,33.3
998,218,34.2
980,215,34.5
897,213,34.5
765,189,33.9
587,169,32.9
382,140,31.3
175,94,28.9
18,17,26.3
0,0,24.5
0,0,23.3
0,0,22.5
0,0,21.8
0,0,21.3
0,0,20.9
0,0,20.7
0,0,20.1
0,0,19.8
0,0,20.4
102,67,22.2
301,120,24.7
514,149,27.4
708,166,29.8
869,178,31.7
975,185,33
1023,183,33.7
1006,185,33.7
922,183,33.2
765,223,32.2
583,201,30.7
376,165,28.9
171,108,26.9
15,15,24.8
0,0,23.3
0,0,22.4
0,0,21.8
0,0,21.3
0,0,20.9
0,0,20.7
0,0,20.6
0,0,20.5
0,0,20.4
0,0,20.9
107,63,22.4
309,104,24.4
526,122,26.5
724,131,28.6
881,137,30.4
988,141,31.9
1024,172,32.9
1005,171,33.2
923,166,33
789,150,32.4
609,136,31.1
401,113,29.4
190,78,27.3
24,20,25.3
0,0,23.8
0,0,22.7
0,0,21.9
0,0,21.3
0,0,20.8
0,0,20.6
0,0,20.5
0,0,20.3
0,0,20.3
0,0,20.9
106,64,22.3
47,47,24.2
526,127,26.7
724,138,29.2
881,147,31.3
988,152,33.1
1037,148,34.3
1018,147,34.9
937,144,34.9
797,137,34.3
614,127,32.9
403,111,30.9
190,80,28.4
23,20,26.1
0,0,24.5
0,0,23.5
0,0,22.8
0,0,22.2
0,0,21.8
0,0,21.5
0,0,21.3
0,0,21
0,0,20.8
0,0,21.6
103,65,23.4
304,113,25.5
518,136,28
716,151,30.6
875,162,32.8
978,169,34.7
1010,211,35.9
992,210,36.5
911,203,36.5
767,211,35.8
587,191,34.2
380,158,31.9
175,104,29.2
17,16,26.8
0,0,25.1
0,0,24.2
0,0,23.6
0,0,23.2
0,0,22.7
0,0,22.4
0,0,22.3
0,0,22
0,0,22
0,0,22.6
95,67,24.2
290,126,26.4
502,157,29
695,173,31.6
855,185,33.9
962,191,35.7
1007,203,37
991,197,37.8
913,186,37.8
781,158,37.1
600,147,35.4
389,125,33
181,88,30.3
21,19,27.9
0,0,26.3
0,0,25.3
0,0,24.6
0,0,24
0,0,23.6
0,0,23.2
0,0,23.1
0,0,22.6
0,0,22.3
0,0,22.6
101,62,24.3
300,110,27.4
515,137,30.6
712,153,33
871,164,34.8
982,169,36.4
1035,154,37.5
1018,152,38
941,146,37.9
793,162,37.2
613,147,35.8
403,123,33.8
191,86,31.2
23,21,28.5
0,0,26.5
0,0,25.2
0,0,24.2
0,0,23.5
0,0,23
0,0,22.6
0,0,22.5
0,0,22
0,0,21.8
0,0,22.2
103,62,23.9
306,107,26.9
521,133,30.1
720,151,32.4
880,164,34.2
990,174,35.6
1030,197,36.3
1013,194,36.4
933,185,36
805,149,35.2
626,131,33.9
416,107,32
199,75,29.5
26,21,26.7
0,0,24.8
0,0,23.6
0,0,22.9
0,0,22.3
0,0,21.8
0,0,21.4
0,0,21.2
0,0,20.8
0,0,20.6
0,0,21.1
106,59,22.9
308,98,25.3
525,119,27.7
724,133,29.9
883,142,31.7
988,149,33
1038,145,33.8
1017,154,34
934,158,33.6
784,176,32.8
599,173,31.5
389,150,29.8
179,103,27.6
18,18,25.6
0,0,24.4
0,0,23.7
0,0,23.3
0,0,23.1
0,0,22.9
0,0,22.7
0,0,22.6
0,0,22.3
0,0,22
0,0,22.6
101,62,24.2
299,112,26.1
515,136,28.1
711,148,30
871,158,31.7
976,164,33
1014,194,33.7
997,193,34.1
916,186,34
782,171,33.5
606,150,32.5
399,120,31.1
192,81,29.2
25,21,27.1
0,0,25.4
0,0,24.2
0,0,23.3
0,0,22.7
0,0,22.2
0,0,21.9
0,0,21.8
0,0,21.6
0,0,21.5
0,0,22.2
97,63,23.8
78,78,25.8
507,140,27.9
705,154,30.2
864,164,32.2
971,168,33.6
1028,141,34.6
1011,143,35.2
931,140,35.2
787,154,34.7
606,143,33.7
398,124,32
187,88,29.7
23,20,27.3
0,0,25.7
0,0,24.7
0,0,23.9
0,0,23.3
0,0,22.9
0,0,22.6
0,0,22.5
0,0,22.3
0,0,22.2
0,0,22.9
92,65,24.6
284,123,26.7
497,149,28.9
691,163,31.1
850,173,32.9
959,181,34.2
1000,205,34.9
984,201,35
909,190,34.7
779,165,33.8
602,145,32.6
399,117,31
193,78,29.1
25,20,27.1
0,0,25.5
0,0,24.4
0,0,23.6
0,0,23
0,0,22.4
0,0,21.9
0,0,21.7
0,0,21.1
0,0,20.7
0,0,21.5
108,44,23.7
313,73,26.8
530,91,29.7
726,106,31.7
883,116,33.1
990,124,34
1038,127,34.4
1023,130,34.5
946,127,34.1
810,119,33.4
631,106,32.3
421,88,30.8
205,63,28.8
28,20,26.4
0,0,24.7
0,0,23.6
0,0,22.7
0,0,22
0,0,21.6
0,0,21.2
0,0,21.1
0,0,20.8
0,0,20.7
0,0,21.3
106,48,23
312,80,25.7
529,97,28.6
728,109,30.8
889,118,32.3
998,124,33.5
1043,134,34.1
1028,133,34.4
949,128,34.1
808,128,33.4
627,119,32.3
415,101,30.8
199,73,28.7
26,21,26.5
0,0,24.8
0,0,23.7
0,0,22.8
0,0,22.1
0,0,21.6
0,0,21.2
0,0,21
0,0,20.6
0,0,20.4
0,0,21
101,53,22.9
307,88,25.3
527,104,27.8
728,116,30.1
891,124,32.1
1001,129,33.6
1047,138,34.6
1031,137,35.1
949,133,35
817,116,34.2
633,108,32.7
419,93,30.7
202,69,28.2
27,21,25.9
0,0,24.3
0,0,23.3
0,0,22.4
0,0,21.8
0,0,21.2
0,0,20.8
0,0,20.6
0,0,20.3
0,0,20.2
0,0,20.8
100,52,22.7
304,87,25
521,106,27.3
721,118,29.6
880,127,31.7
990,133,33.2
1042,126,34.2
1022,128,34.7
942,128,34.6
795,147,33.9
612,138,32.5
402,119,30.6
190,85,28.4
23,20,26.2
0,0,24.5
0,0,23.4
0,0,22.7
0,0,22.2
0,0,21.7
0,0,21.4
0,0,21.3
0,0,21.2
0,0,21
0,0,21.5
92,59,23.2
290,107,25.4
506,131,27.6
705,143,30
870,150,32.3
981,153,34.1
1027,165,35.2
1011,165,35.7
934,161,35.7
793,162,35.2
612,146,34.1
404,120,32.6
193,82,30.2
24,21,27.4
0,0,25.6
0,0,24.6
0,0,23.8
0,0,23
0,0,22.4
0,0,21.9
0,0,21.7
0,0,21.5
0,0,21.5
0,0,22.3
89,61,24.2
284,117,26.4
277,231,28.6
695,155,30.9
857,162,32.9
968,166,34.4
1026,139,35.2
1010,141,35.5
933,140,35.2
785,161,34.5
605,149,33.3
397,125,31.6
188,86,29.4
23,20,27.1
0,0,25.3
0,0,24.3
0,0,23.6
0,0,22.9
0,0,22.4
0,0,22
0,0,21.8
0,0,21.4
0,0,21.2
0,0,21.8
91,57,23.6
288,106,25.7
504,130,27.9
703,145,30
866,153,32
976,158,33.5
1026,159,34.6
1010,161,35.1
930,159,35
795,150,34.4
615,138,33.3
406,115,31.6
193,80,29.3
24,20,27
0,0,25.2
0,0,24.2
0,0,23.5
0,0,22.9
0,0,22.4
0,0,21.9
0,0,21.7
0,0,21.3
0,0,21
0,0,21.6
89,54,23.3
287,100,25.7
501,122,28.3
699,137,31
861,147,33.1
970,155,34.6
1020,156,35.5
1004,158,35.7
927,155,35.5
792,146,34.9
614,131,33.9
407,109,32.3
193,75,30.1
24,20,27.5
0,0,25.7
0,0,24.6
0,0,23.9
0,0,23.2
0,0,22.7
0,0,22.1
0,0,21.9
0,0,21.3
0,0,21
0,0,21.5
91,50,23.1
291,91,25.5
509,113,28.1
708,126,30.5
870,135,32.8
981,141,34.8
1021,169,36.2
1006,168,36.9
927,163,37
802,133,36.5
617,124,35.3
405,108,33.5
190,79,30.9
23,20,28.3
0,0,26.4
0,0,25.2
0,0,24.4
0,0,23.8
0,0,23.3
0,0,22.7
0,0,22.5
0,0,21.9
0,0,21.7
0,0,22.1
87,53,23.7
285,98,26.1
502,123,29
702,137,32.2
865,147,34.9
976,152,36.6
1021,174,37.4
1006,175,37.7
929,171,37.5
792,163,36.8
611,147,35.6
401,122,34
189,83,31.6
22,19,28.8
0,0,27.1
0,0,26.3
0,0,25.8
0,0,25.2
0,0,24.6
0,0,24
0,0,23.7
0,0,22.9
0,0,22.6
0,0,23.3
81,54,25.6
277,105,28.8
490,131,32.4
688,150,35.2
846,170,36.9
952,189,37.7
986,232,37.8
966,246,37.5
888,241,36.7
752,230,35.6
574,199,34
374,157,32.2
171,101,30
16,15,27.9
0,0,26.4
0,0,25.5
0,0,24.7
0,0,24.2
0,0,23.7
0,0,23.2
0,0,23
0,0,22.5
0,0,22.2
0,0,22.6
87,50,24.2
288,88,26.3
509,103,28.3
709,113,30.2
875,121,31.8
986,127,32.8
1029,156,33.5
1014,154,33.7
937,147,33.4
807,124,32.7
626,110,31.3
416,91,29.5
199,64,27.4
25,19,25.4
0,0,24
0,0,23.2
0,0,22.7
0,0,22.3
0,0,22
0,0,21.7
0,0,21.6
0,0,21.4
0,0,21.3
0,0,21.7
89,46,23.2
292,81,25.2
513,96,27.2
715,105,29.3
880,110,31.4
992,114,33.2
1044,112,34.4
1029,112,35
950,111,35
807,122,34.4
623,113,33.1
411,98,31.2
194,71,28.7
23,19,26.4
0,0,24.8
0,0,23.7
0,0,22.9
0,0,22.2
0,0,21.8
0,0,21.5
0,0,21.4
0,0,21.2
0,0,21.1
0,0,21.6
85,46,23.2
285,83,25.4
503,102,27.6
703,115,29.7
866,123,31.5
977,128,32.8
1028,130,33.5
1014,132,33.8
937,132,33.6
802,123,32.9
621,113,31.6
409,97,29.8
192,70,27.8
22,18,25.9
0,0,24.5
0,0,23.6
0,0,23
0,0,22.6
0,0,22.4
0,0,22.2
0,0,22.1
0,0,21.8
0,0,21.7
0,0,22.1
75,52,23.6
261,112,25.8
468,150,28
663,176,30
820,190,31.8
930,201,33.4
991,184,34.6
977,181,35.3
900,182,35.6
750,211,35.3
567,203,34.6
361,173,33.3
156,108,31
8,8,28.6
0,0,27.1
0,0,26.2
0,0,25.7
0,0,25.4
0,0,25.3
0,0,25.1
0,0,25
0,0,25
0,0,25.2
0,0,25.9
45,43,28
224,163,31.1
430,234,34.9
621,279,38.2
770,328,40
865,385,40.8
922,360,40.8
891,395,40
806,405,38.7
658,410,37.2
497,347,35.3
310,244,33.2
123,113,31.1
2,2,29.2
0,0,27.8
0,0,26.9
0,0,26.2
0,0,25.8
0,0,25.4
0,0,25.1
0,0,24.9
0,0,24.6
0,0,24.3
0,0,24.5
53,49,25.9
234,150,28.1
439,204,30.4
634,235,32.4
796,254,33.9
907,262,34.8
974,226,35.1
960,226,34.9
885,218,34.2
753,201,33.2
578,177,31.8
374,142,30.2
170,92,28.5
15,14,27
0,0,26
0,0,25.2
0,0,24.6
0,0,24
0,0,23.5
0,0,23.1
0,0,22.9
0,0,22.6
0,0,22.4
0,0,22.8
78,46,24.3
275,90,26.3
491,114,28.2
691,128,30.1
855,138,31.7
969,144,32.9
1023,140,33.7
1009,139,34
934,135,33.9
795,132,33.1
612,122,31.8
402,103,30.1
186,72,28.1
19,17,26.2
0,0,24.9
0,0,23.9
0,0,23.2
0,0,22.7
0,0,22.2
0,0,21.8
0,0,21.7
0,0,21.4
0,0,21.4
0,0,21.9
76,49,23.4
273,95,25.4
493,115,27.3
696,124,29.2
861,130,31
972,134,32.3
1022,141,33.2
1008,139,33.5
930,134,33.2
792,132,32.3
610,120,30.8
399,101,29
185,71,27.1
19,16,25.5
0,0,24.3
0,0,23.5
0,0,22.9
0,0,22.5
0,0,22.2
0,0,22
0,0,21.9
0,0,21.7
0,0,21.6
0,0,22.2
72,49,23.7
266,103,25.5
483,129,27.3
685,142,29.2
848,151,30.9
960,156,32.3
1016,143,33.3
1002,142,33.8
924,140,33.7
781,149,33
599,137,31.7
389,117,29.9
177,81,27.9
16,15,26
0,0,24.7
0,0,23.8
0,0,23.2
0,0,22.7
0,0,22.3
0,0,22
0,0,21.9
0,0,21.8
0,0,21.8
0,0,22.4
68,51,23.9
260,115,25.8
476,138,27.9
679,150,30.2
844,156,32.4
957,160,34
1018,138,35.1
1004,137,35.5
927,134,35.5
788,133,34.8
607,123,33.5
394,104,31.7
180,73,29.5
16,14,27.2
0,0,25.5
0,0,24.4
0,0,23.7
0,0,23.2
0,0,22.9
0,0,22.6
0,0,22.5
0,0,22.3
0,0,22.3
0,0,22.7
69,46,24.1
265,95,26.4
483,116,29.3
686,129,32.1
851,139,34.1
963,145,35.5
1023,129,36.3
1008,130,36.6
929,128,36.4
782,144,35.6
599,132,34.4
389,112,32.7
176,76,30.5
15,13,28.2
0,0,26.4
0,0,25.2
0,0,24.3
0,0,23.6
0,0,23
0,0,22.5
0,0,22.3
0,0,21.8
0,0,21.6
0,0,22.3
67,47,24.1
261,99,26.7
480,124,29.7
685,140,32
851,151,33.7
964,158,34.9
1021,146,35.7
1009,148,36.2
930,145,36.1
794,131,35.6
611,120,34.5
398,101,32.8
180,70,30.4
15,13,27.9
0,0,26.1
0,0,24.9
0,0,24
0,0,23.3
0,0,22.8
0,0,22.4
0,0,22.2
0,0,21.8
0,0,21.7
0,0,22.1
64,45,23.5
257,101,25.9
473,128,28.5
675,147,31
840,159,33.2
953,167,34.9
1016,147,36.1
1002,147,36.7
923,142,36.6
788,135,36
605,123,34.7
392,104,32.8
176,72,30.3
14,12,27.8
0,0,26.1
0,0,24.9
0,0,24.1
0,0,23.4
0,0,22.9
0,0,22.4
0,0,22.3
0,0,21.8
0,0,21.5
0,0,21.9
67,42,23.4
263,89,25.7
485,115,28
690,130,30.3
857,139,32.3
972,144,34
1023,149,35.1
1010,147,35.6
931,142,35.4
794,135,34.5
606,128,33
390,111,30.9
172,77,28.5
12,11,26.4
0,0,25.1
0,0,24.2
0,0,23.5
0,0,23.1
0,0,22.8
0,0,22.7
0,0,22.6
0,0,22.6
0,0,22.7
0,0,23.2
42,37,24.5
184,121,26.3
361,207,28.5
539,287,30.7
835,172,32.6
948,179,33.9
1000,184,34.4
986,183,34.5
909,177,34.2
774,163,33.4
591,145,32.2
382,118,30.6
169,77,28.6
11,11,26.5
0,0,25
0,0,24.1
0,0,23.5
0,0,23
0,0,22.6
0,0,22.3
0,0,22.1
0,0,21.9
0,0,21.7
0,0,22.2
63,44,23.9
256,99,26.2
476,122,28.4
681,136,30.6
847,147,32.3
961,155,33.5
1012,162,34.2
998,161,34.4
919,155,34.3
773,168,33.6
589,150,32.5
378,123,30.9
165,81,28.8
10,9,26.8
0,0,25.4
0,0,24.5
0,0,23.8
0,0,23.3
0,0,22.9
0,0,22.5
0,0,22.3
0,0,21.8
0,0,21.5
0,0,21.7
63,40,23
261,86,25.1
483,111,27.2
689,126,29.6
856,134,32.1
974,139,34
1023,150,35.2
1009,148,35.8
930,142,36
797,123,35.7
612,110,34.7
396,93,33.1
175,64,30.6
11,10,28
0,0,26.2
0,0,25.2
0,0,24.5
0,0,23.9
0,0,23.3
0,0,22.8
0,0,22.6
0,0,22.2
0,0,22
0,0,22.4
66,35,24
269,72,26.9
494,93,30.3
701,107,33.4
869,117,35.6
984,123,37
1038,118,37.9
1023,119,38.2
942,117,38
793,129,37.2
606,118,35.8
389,100,33.8
169,69,31.2
10,9,28.7
0,0,27
0,0,25.8
0,0,24.9
0,0,24.2
0,0,23.6
0,0,23.1
0,0,22.8
0,0,22.3
0,0,22
0,0,22.5
59,38,24.2
254,87,27
473,115,30.2
675,133,33.2
842,144,35.6
956,151,37.1
1007,151,38
992,152,38.3
912,151,38
771,147,37
586,136,35.1
371,115,32.6
158,76,29.9
8,7,27.6
0,0,26.1
0,0,25.2
0,0,24.5
0,0,24
0,0,23.5
0,0,23.1
0,0,22.9
0,0,22.6
0,0,22.6
0,0,23
53,40,24.4
241,104,26.6
454,141,29
655,163,31.3
819,180,33.4
932,190,35
1002,145,35.9
987,147,36.2
906,146,35.9
767,148,35.1
584,135,33.7
373,112,31.7
160,73,29.3
0,0,27
0,0,25.3
0,0,24.2
0,0,23.5
0,0,23
0,0,22.6
0,0,22.3
0,0,22.2
0,0,22.1
0,0,22
0,0,22.4
56,40,23.9
248,99,26
468,123,28.2
675,133,30.4
844,139,32.4
959,143,33.9
1009,151,34.7
993,155,35
910,157,34.8
772,148,34
585,136,32.6
373,115,30.7
159,75,28.5
0,0,26.6
0,0,25.3
0,0,24.5
0,0,23.9
0,0,23.5
0,0,23.3
0,0,23
0,0,22.9
0,0,22.4
0,0,22.1
0,0,22.3
54,40,23.6
246,100,25.8
466,125,28
670,138,29.9
838,147,31.6
952,154,32.9
999,173,33.7
986,173,34.1
907,167,34
771,154,33.6
588,135,32.7
374,108,31.3
159,69,29.2
0,0,27
0,0,25.7
0,0,24.9
0,0,24.3
0,0,23.8
0,0,23.3
0,0,22.8
0,0,22.5
0,0,21.9
0,0,21.5
0,0,21.7
50,38,23.2
236,106,25.5
236,206,27.9
653,170,30.2
819,186,32.2
931,195,34
978,213,35.3
963,212,36.1
884,206,36.2
745,194,35.6
561,176,34.4
351,141,32.5
144,85,30.1
0,0,27.8
0,0,26.2
0,0,25.1
0,0,24.3
0,0,23.7
0,0,23.2
0,0,22.8
0,0,22.6
0,0,22.3
0,0,22.1
0,0,22.6
46,39,24.2
25,25,26.5
450,147,28.8
653,163,31.1
821,174,33.3
938,181,35
985,197,36
970,197,36.3
890,192,35.9
739,216,35
557,189,33.4
349,148,31.4
142,87,29.1
0,0,27.1
0,0,25.7
0,0,24.8
0,0,24.2
0,0,23.9
0,0,23.6
0,0,23.4
0,0,23.3
0,0,23
0,0,22.8
0,0,23
44,38,24.3
232,120,26.2
451,152,28.2
661,170,30.1
831,180,31.8
947,187,33.1
1010,162,34
994,162,34.4
915,159,34.3
768,164,33.7
578,148,32.5
362,122,30.7
146,77,28.6
0,0,26.6
0,0,25.4
0,0,24.7
0,0,24.1
0,0,23.7
0,0,23.4
0,0,23.2
0,0,23.1
0,0,22.8
0,0,22.8
0,0,23
42,37,24.3
25,25,26.2
447,161,28.1
655,173,30.1
825,180,31.8
942,184,33.2
995,184,34
981,182,34.4
901,173,34.2
763,157,33.6
576,141,32.2
362,116,30.4
147,73,28.3
0,0,26.4
0,0,25.2
0,0,24.3
0,0,23.5
0,0,23
0,0,22.6
0,0,22.2
0,0,22.1
0,0,21.7
0,0,21.6
0,0,21.8
49,34,23.1
243,88,25.3
466,117,27.7
672,135,30
839,146,32.1
954,152,33.7
1013,137,34.7
994,139,35.1
912,137,35
765,144,34.3
576,135,33
359,114,31.1
143,73,28.9
0,0,27
0,0,25.6
0,0,24.7
0,0,23.9
0,0,23.4
0,0,23
0,0,22.7
0,0,22.5
0,0,22.2
0,0,22
0,0,22.1
46,35,23.4
238,95,25.8
463,118,28.2
671,132,30.4
841,142,32
958,148,33.3
1012,146,34.1
996,147,34.4
913,147,34.2
767,148,33.5
579,133,32.3
362,108,30.5
144,68,28.4
0,0,26.4
0,0,25
0,0,24.1
0,0,23.4
0,0,22.9
0,0,22.5
0,0,22.2
0,0,22
0,0,21.5
0,0,21.1
0,0,21.2
48,32,22.9
246,80,25.5
470,103,28.2
679,117,30.4
849,128,32.1
964,136,33.4
1017,137,34.2
1003,139,34.6
920,137,34.4
779,130,33.6
588,117,32.3
369,96,30.5
147,61,28.2
0,0,25.9
0,0,24.5
0,0,23.6
0,0,23
0,0,22.7
0,0,22.4
0,0,22.2
0,0,22
0,0,21.6
0,0,21.3
0,0,21.1
47,31,22.5
245,78,25.2
471,102,28.2
680,115,31.1
850,125,33.5
966,132,35
1014,147,35.9
998,147,36.2
914,143,36
773,131,35.2
582,118,33.9
362,95,32.1
143,59,29.3
0,0,26.7
0,0,25
0,0,24
0,0,23.4
0,0,23.1
0,0,23
0,0,22.8
0,0,22.7
0,0,22.2
0,0,21.7
0,0,21.7
46,28,23.4
245,71,26.4
469,95,29.6
678,112,32.5
848,125,34.6
966,133,35.9
1013,149,36.6
997,148,36.9
914,143,36.7
777,124,36
586,110,34.9
365,89,33.2
144,56,30.1
0,0,27.2
0,0,25.6
0,0,24.7
0,0,24.1
0,0,23.9
0,0,23.9
0,0,23.9
0,0,23.9
0,0,23.6
0,0,23.4
0,0,23.4
44,28,24.8
242,75,27.6
466,102,31.3
676,122,34.6
846,136,36.4
958,145,37.4
1003,166,37.9
986,167,38
900,164,37.7
745,181,37
552,161,35.9
335,129,34.1
122,74,31.3
0,0,28.7
0,0,27.1
0,0,25.9
0,0,25.1
0,0,24.6
0,0,24.1
0,0,23.6
0,0,23.3
0,0,22.6
0,0,22.3
0,0,22.5
36,30,23.9
220,97,26.4
442,130,29.5
649,149,32.3
819,160,34.2
937,166,35.4
978,195,36.2
965,193,36.4
884,186,36.2
751,154,35.4
563,136,34.1
345,109,32.3
129,65,29.6
0,0,27
0,0,25.6
0,0,24.8
0,0,24.2
0,0,23.8
0,0,23.4
0,0,22.9
0,0,22.7
0,0,22
0,0,21.7
0,0,21.7
38,29,23.5
231,85,26.7
453,115,30.3
662,136,33.4
830,150,35.3
945,160,36.5
1005,142,37.3
987,143,37.6
903,140,37.6
756,136,37.2
566,118,36.4
347,94,34.9
129,58,31.9
0,0,29.5
0,0,28.7
0,0,28.1
0,0,27.6
0,0,27.1
0,0,26.7
0,0,26.5
0,0,26.5
0,0,26.3
0,0,26.3
0,0,26.6
34,28,28
222,89,30.7
445,121,34.1
653,140,36.8
821,154,38.1
934,165,38.8
972,195,39.1
952,197,38.8
865,194,38.2
722,186,37.1
533,162,35.5
319,129,33.4
111,72,30.8
0,0,28.5
0,0,26.9
0,0,25.8
0,0,25
0,0,24.3
0,0,23.9
0,0,23.6
0,0,23.5
0,0,23.1
0,0,22.9
0,0,22.9
33,28,24.1
217,99,26.3
436,134,28.6
644,154,30.8
812,167,32.6
927,177,33.9
989,149,34.6
971,150,34.7
887,146,34.3
739,146,33.5
550,133,32.2
331,107,30.3
117,62,28
0,0,26
0,0,24.8
0,0,24
0,0,23.5
0,0,23
0,0,22.7
0,0,22.5
0,0,22.4
0,0,22.2
0,0,22.1
0,0,22.3
33,28,23.6
218,97,25.7
442,125,27.8
652,138,29.8
822,147,31.5
935,154,32.8
987,153,33.6
968,156,33.9
880,155,33.7
733,153,33.1
542,138,31.9
326,111,30.2
115,63,28.3
0,0,26.6
0,0,25.4
0,0,24.6
0,0,24
0,0,23.5
0,0,23.1
0,0,22.8
0,0,22.6
0,0,22.1
0,0,21.9
0,0,21.9
32,27,23.3
218,92,25.5
440,122,27.6
650,138,29.5
818,148,31.3
936,156,32.8
992,144,33.8
976,144,34.4
890,142,34.5
745,134,34
551,123,32.8
329,102,30.9
112,60,28.4
0,0,26.3
0,0,25.1
0,0,24.3
0,0,23.7
0,0,23.2
0,0,22.9
0,0,22.6
0,0,22.4
0,0,22
0,0,21.8
0,0,21.8
31,25,23
214,88,25.3
433,123,27.6
640,142,29.7
809,153,31.5
923,160,32.9
963,195,33.6
946,198,33.9
860,192,33.8
722,168,33.1
533,149,31.9
316,116,30.1
106,63,28.1
0,0,26.3
0,0,25.1
0,0,24.2
0,0,23.7
0,0,23.2
0,0,22.9
0,0,22.6
0,0,22.5
0,0,22.3
0,0,22.2
0,0,22.5
29,25,23.8
212,97,25.9
435,125,27.9
647,134,29.9
819,139,31.7
935,140,33.1
984,147,34.1
966,144,34.5
883,138,34.4
738,127,33.8
547,113,32.5
326,91,30.7
110,53,28.4
0,0,26.4
0,0,25.2
0,0,24.3
0,0,23.6
0,0,23
0,0,22.5
0,0,22.1
0,0,22
0,0,21.6
0,0,21.4
0,0,21.5
30,24,23.1
215,82,25.7
438,111,28.2
643,128,30.6
812,140,32.7
926,149,34.3
978,139,35.5
958,142,36
870,143,36
716,154,35.2
523,140,33.7
304,114,31.5
97,62,29
0,0,27.1
0,0,26
0,0,25.3
0,0,24.6
0,0,24.1
0,0,23.8
0,0,23.5
0,0,23.4
0,0,23.1
0,0,22.9
0,0,23
22,21,24.2
197,109,26.4
411,153,28.7
615,179,31
782,195,33.1
895,204,34.8
948,198,36
929,198,36.6
842,191,36.6
698,177,35.8
508,156,34.2
293,122,31.8
90,62,29.3
0,0,27.4
0,0,26.4
0,0,25.7
0,0,25.2
0,0,24.8
0,0,24.5
0,0,24.2
0,0,24.1
0,0,23.9
0,0,23.8
0,0,23.9
23,21,25.1
198,100,27.1
418,132,29.1
623,146,31.2
791,155,33.1
905,162,34.6
960,148,35.7
940,148,36.4
856,144,36.4
707,145,35.7
515,130,34.4
299,104,32.3
92,56,30
0,0,28.1
0,0,26.9
0,0,26.1
0,0,25.4
0,0,25
0,0,24.6
0,0,24.3
0,0,24.2
0,0,23.9
0,0,23.7
0,0,23.7
22,20,24.8
198,98,27
413,135,29.5
618,159,31.9
784,175,33.8
897,185,35.2
959,155,36.1
940,157,36.4
855,154,36.3
719,123,35.5
527,107,34.2
310,85,32.3
97,47,29.9
0,0,27.8
0,0,26.4
0,0,25.3
0,0,24.5
0,0,23.8
0,0,23.3
0,0,22.9
0,0,22.7
0,0,22.3
0,0,22.1
0,0,22.1
25,20,23.1
205,79,25.8
426,113,29.1
631,136,31.8
798,154,33.8
909,166,35.3
963,152,36.3
943,149,36.8
857,143,36.6
711,134,35.9
516,120,34.5
297,96,32.3
88,50,29.7
0,0,27.5
0,0,26.2
0,0,25.3
0,0,24.6
0,0,24
0,0,23.5
0,0,23.2
0,0,23
0,0,22.3
0,0,22
0,0,22
22,19,23.2
201,84,25.7
420,118,28.4
626,140,31
792,158,33.2
903,171,34.8
935,222,35.8
917,215,36.1
831,203,35.9
679,199,35
488,175,33.3
274,132,30.9
75,58,28.3
0,0,26.5
0,0,25.4
0,0,24.7
0,0,24.2
0,0,23.8
0,0,23.5
0,0,23.3
0,0,23.2
0,0,23
0,0,22.8
0,0,22.8
17,16,23.9
189,107,25.9
404,150,28
608,177,30.1
775,194,31.9
888,204,33.4
939,200,34.5
918,198,35.1
831,191,35.2
686,173,34.6
494,151,33.2
278,116,31
76,54,28.5
0,0,26.6
0,0,25.6
0,0,24.9
0,0,24.3
0,0,23.8
0,0,23.5
0,0,23.3
0,0,23.2
0,0,23
0,0,22.9
0,0,23
17,16,24.1
187,104,26
401,152,28
603,179,30.2
768,200,32.2
879,214,33.8
936,193,35
911,202,35.6
821,203,35.5
664,216,34.7
471,188,33.1
259,140,30.8
65,54,28.5
0,0,26.9
0,0,26
0,0,25.5
0,0,25.2
0,0,25
0,0,24.8
0,0,24.5
0,0,24.4
0,0,24.1
0,0,24
0,0,24
11,11,24.8
177,119,26.5
389,177,28.7
595,208,31.2
762,226,33.2
875,236,34.6
928,224,35.4
908,219,35.7
822,208,35.3
680,177,34.4
487,154,32.9
272,116,30.9
71,51,28.7
0,0,26.9
0,0,25.7
0,0,25
0,0,24.7
0,0,24.5
0,0,24.3
0,0,24.1
0,0,24
0,0,23.8
0,0,23.7
0,0,23.7
10,10,24.7
174,122,26.3
390,183,28.2
598,201,30.5
767,205,32.7
880,211,34.3
948,158,35.4
924,162,35.9
832,165,35.8
680,158,35.1
485,143,33.6
267,111,31.5
67,49,29.1
0,0,27.2
0,0,26.1
0,0,25.3
0,0,24.7
0,0,24.1
0,0,23.7
0,0,23.4
0,0,23.2
0,0,22.9
0,0,22.7
0,0,22.7
11,11,23.7
178,113,25.7
391,168,27.9
596,199,30.4
763,218,32.9
874,231,34.6
917,243,35.7
892,239,36.2
804,227,36.1
663,191,35.4
471,161,33.9
259,120,31.7
61,48,29.2
0,0,27.3
0,0,26.2
0,0,25.5
0,0,24.9
0,0,24.4
0,0,24
0,0,23.7
0,0,23.5
0,0,23.1
0,0,22.9
0,0,22.8
11,11,24.1
176,109,26.4
392,163,28.8
599,190,31.2
767,208,33.1
880,217,34.4
945,170,35.1
922,170,35.4
832,166,35.2
674,176,34.3
478,153,32.9
261,115,30.7
61,47,28.4
0,0,26.5
0,0,25.4
0,0,24.6
0,0,23.9
0,0,23.3
0,0,22.8
0,0,22.5
0,0,22.4
0,0,22
0,0,21.8
0,0,21.9
14,13,23
187,99,24.9
408,139,26.9
309,272,28.8
790,167,30.6
906,171,32.1
959,156,33.2
934,153,33.8
843,147,33.7
689,141,32.9
489,123,31.2
267,96,28.9
62,43,26.5
0,0,25
0,0,24.2
0,0,23.6
0,0,23.1
0,0,22.7
0,0,22.4
0,0,22
0,0,21.9
0,0,21.7
0,0,21.6
0,0,21.6
14,14,22.6
186,90,24.6
405,129,26.5
613,150,28.4
783,161,30.1
896,166,31.5
949,153,32.5
926,146,33
835,138,33
684,127,32.3
487,113,30.9
265,88,29
60,39,26.8
0,0,25.2
0,0,24.3
0,0,23.6
0,0,23.1
0,0,22.7
0,0,22.5
0,0,22.3
0,0,22.2
0,0,22.1
0,0,22
0,0,22
13,12,23
181,92,24.9
399,133,26.8
608,148,28.7
780,153,30.4
893,156,31.8
945,147,32.9
921,147,33.5
831,143,33.4
676,137,32.7
478,123,31.3
257,94,29.3
56,39,27.1
0,0,25.5
0,0,24.5
0,0,23.8
0,0,23.3
0,0,23
0,0,22.8
0,0,22.6
0,0,22.5
0,0,22.3
0,0,22
0,0,21.8
14,13,22.6
188,77,24.7
410,109,27.4
619,126,30.1
787,138,32.2
899,145,33.6
940,158,34.3
916,155,34.5
825,146,34.2
669,144,33.3
473,122,32
252,89,30.2
53,36,27.9
0,0,26
0,0,24.9
0,0,24.1
0,0,23.6
0,0,23.3
0,0,23
0,0,22.7
0,0,22.6
0,0,22.3
0,0,22.1
0,0,22
13,12,22.9
186,78,25
409,107,27.4
618,123,29.6
787,133,31.3
899,140,32.3
946,137,32.9
921,137,32.9
828,132,32.5
669,137,31.7
471,120,30.4
249,90,28.7
50,36,26.7
0,0,25.2
0,0,24.2
0,0,23.5
0,0,23
0,0,22.6
0,0,22.2
0,0,22
0,0,21.9
0,0,21.8
0,0,21.8
0,0,21.8
10,10,22.9
172,97,25.1
385,153,27.1
587,183,28.9
753,200,30.4
862,209,31.6
901,231,32.4
877,225,32.6
786,211,32.3
639,187,31.5
446,156,30.2
233,111,28.4
42,35,26.8
0,0,25.6
0,0,24.8
0,0,24.2
0,0,23.6
0,0,23.1
0,0,22.7
0,0,22.4
0,0,22.3
0,0,22.2
0,0,22.2
0,0,22.2
10,10,23.1
176,88,25.1
176,165,27.1
605,143,29.1
772,154,30.9
884,159,32.4
936,148,33.5
910,146,34
814,141,33.9
655,148,33.1
455,133,31.6
235,101,29.4
41,34,27.1
0,0,25.4
0,0,24.5
0,0,23.8
0,0,23.1
0,0,22.7
0,0,22.3
0,0,22
0,0,21.9
0,0,21.7
0,0,21.7
0,0,21.7
9,9,22.6
174,91,24.4
396,129,26.6
605,145,29.1
776,155,31.4
888,161,33.1
931,168,34.1
904,166,34.5
808,160,34.3
657,139,33.4
456,122,31.8
234,92,29.4
40,31,27
0,0,25.4
0,0,24.4
0,0,23.8
0,0,23.3
0,0,22.9
0,0,22.5
0,0,22.3
0,0,22.2
0,0,22
0,0,21.8
0,0,21.7
9,9,22.5
174,87,24.4
395,125,26.5
605,140,28.8
776,148,30.8
888,152,32.4
932,153,33.5
907,149,34
813,140,33.9
660,129,33
458,112,31.3
235,84,28.9
39,29,26.5
0,0,24.9
0,0,24
0,0,23.3
0,0,22.7
0,0,22.3
0,0,21.9
0,0,21.6
0,0,21.5
0,0,21.1
0,0,21
0,0,21
10,9,21.8
178,77,23.6
400,108,25.5
609,122,27.5
778,130,29.4
888,133,31.1
930,141,32.3
903,139,32.9
808,134,32.8
656,117,32.1
456,103,30.6
232,78,28.5
36,27,26.3
0,0,24.7
0,0,23.7
0,0,23.1
0,0,22.7
0,0,22.4
0,0,22.1
0,0,22
0,0,21.9
0,0,21.8
0,0,21.9
0,0,22
0,0,22.7
166,92,24.3
387,132,26.3
598,146,28.7
766,151,31
879,157,32.6
922,161,33.5
895,159,33.9
797,152,33.7
641,145,32.9
440,126,31.3
219,94,29.1
30,26,26.8
0,0,25.2
0,0,24.3
0,0,23.7
0,0,23.3
0,0,22.9
0,0,22.6
0,0,22.5
0,0,22.4
0,0,22.3
0,0,22.3
0,0,22.2
0,0,22.9
156,101,24.5
135,135,26.3
125,125,28.2
732,207,29.9
839,223,31.1
887,207,31.7
647,419,31.9
564,373,31.6
437,299,30.7
280,205,29.2
124,105,27.3
15,15,25.5
0,0,24.3
0,0,23.7
0,0,23.1
0,0,22.8
0,0,22.6
0,0,22.4
0,0,22.2
0,0,22.1
0,0,21.9
0,0,21.7
0,0,21.6
0,0,22.2
159,91,24.1
371,142,26.3
573,173,28.1
736,195,29.5
844,208,30.6
893,183,31.3
863,189,31.6
764,192,31.5
611,174,30.8
413,153,29.7
198,107,28.1
21,20,26.4
0,0,25
0,0,24.2
0,0,23.5
0,0,23
0,0,22.6
0,0,22.2
0,0,21.8
0,0,21.6
0,0,21.2
0,0,21.1
0,0,20.9
0,0,21.7
164,83,23.7
381,125,25.8
587,145,27.7
755,155,29.5
863,158,31
907,162,32
878,160,32.6
783,154,32.7
621,156,32.2
420,136,31.2
201,96,29.4
20,19,27.1
0,0,25.2
0,0,24.2
0,0,23.5
0,0,22.9
0,0,22.3
0,0,21.8
0,0,21.4
0,0,21.3
0,0,20.9
0,0,20.8
0,0,20.6
0,0,21.6
159,90,24.1
376,135,26.7
583,160,29.1
750,176,31
859,183,32.5
904,177,33.4
875,170,33.9
780,160,33.8
625,143,33.2
424,119,31.9
204,84,29.7
21,18,27.3
0,0,25.6
0,0,24.6
0,0,23.9
0,0,23.1
0,0,22.4
0,0,21.7
0,0,21.1
0,0,20.9
0,0,20.2
0,0,20
0,0,19.8
0,0,20.7
155,85,23.1
370,135,26.2
572,165,29.3
736,185,32
843,197,34.2
898,165,35.7
867,165,36.4
766,162,36.5
605,165,35.6
404,141,33.7
187,99,30.8
14,13,27.9
0,0,26.1
0,0,25.1
0,0,24.5
0,0,24
0,0,23.5
0,0,23.1
0,0,22.8
0,0,22.6
0,0,22.2
0,0,22
0,0,21.8
0,0,22.7
144,98,24.8
352,164,27.3
552,201,29.8
713,225,32.1
817,240,33.9
844,282,35.2
814,280,35.8
717,264,35.7
562,247,34.8
372,198,33
167,119,30.7
7,7,28.2
0,0,26.5
0,0,25.5
0,0,24.8
0,0,24.4
0,0,24
0,0,23.5
0,0,23.1
0,0,22.9
0,0,22.4
0,0,22.2
0,0,22.1
0,0,22.8
136,102,24.7
340,177,26.8
539,217,28.9
701,239,30.9
806,250,32.5
849,244,33.6
819,239,34
722,226,33.6
570,203,32.6
375,169,30.8
167,108,28.6
7,7,26.4
0,0,25
0,0,24
0,0,23.3
0,0,22.7
0,0,22.1
0,0,21.7
0,0,21.4
0,0,21.2
0,0,20.9
0,0,20.7
0,0,20.5
0,0,21.4
154,81,23.5
371,119,25.6
581,137,27.6
747,147,29.4
858,153,30.8
897,157,31.7
865,158,32.1
765,154,31.9
605,142,31.1
402,123,29.6
182,87,27.4
11,10,25.2
0,0,23.9
0,0,23.2
0,0,22.7
0,0,22.4
0,0,22.1
0,0,21.8
0,0,21.6
0,0,21.5
0,0,21.3
0,0,21.2
0,0,21.1
0,0,21.9
146,91,23.7
361,143,25.7
569,159,27.7
737,167,29.7
846,170,31.3
868,221,32.3
837,218,32.9
738,207,32.9
585,170,32.2
386,142,30.8
171,93,28.7
8,8,26.6
0,0,25.2
0,0,24.5
0,0,23.9
0,0,23.4
0,0,22.9
0,0,22.3
0,0,21.8
0,0,21.5
0,0,20.9
0,0,20.5
0,0,20.2
0,0,21.2
158,67,23.7
381,99,26.4
591,117,28.6
758,128,30.3
866,134,31.6
912,123,32.4
879,125,32.5
776,122,32.1
613,117,31.1
406,103,29.6
183,72,27.6
0,0,25.7
0,0,24.3
0,0,23.3
0,0,22.5
0,0,21.7
0,0,21.1
0,0,20.5
0,0,20.1
0,0,19.8
0,0,19.3
0,0,19
0,0,18.8
0,0,19.8
161,64,22.4
386,94,25.1
596,111,27.4
763,122,29.5
868,129,31.1
907,132,32.2
874,131,32.8
772,126,32.9
603,129,32.2
397,109,30.7
174,75,28.2
0,0,25.5
0,0,23.9
0,0,22.9
0,0,22.1
0,0,21.4
0,0,20.8
0,0,20.2
0,0,19.7
0,0,19.5
0,0,19
0,0,18.7
0,0,18.4
0,0,19.2
154,72,21.3
376,106,23.7
589,123,26.1
758,131,28.3
867,133,30.2
909,127,31.6
880,122,32.3
779,114,32.4
611,115,31.7
404,97,30.3
177,67,27.8
0,0,24.9
0,0,23
0,0,21.9
0,0,21.1
0,0,20.5
0,0,20.1
0,0,19.9
0,0,19.8
0,0,19.7
0,0,19.5
0,0,19.3
0,0,19.2
0,0,19.7
142,81,21.5
357,126,24.1
563,148,26.8
727,161,29.4
834,167,31.7
861,200,33.2
829,194,33.9
729,182,33.9
566,171,33.3
367,139,31.9
153,87,29.4
0,0,26.7
0,0,24.9
0,0,23.8
0,0,23
0,0,22.4
0,0,21.8
0,0,21.3
0,0,21
0,0,20.9
0,0,20.5
0,0,20.4
0,0,20.3
0,0,21
143,72,23.1
360,113,26.3
567,136,29.6
731,150,31.9
838,157,33.5
881,146,34.6
849,145,35.1
744,138,35
583,127,34.1
376,109,32.2
157,74,29.4
0,0,26.6
0,0,24.9
0,0,24
0,0,23.3
0,0,22.6
0,0,22.1
0,0,21.7
0,0,21.3
0,0,21.2
0,0,20.8
0,0,20.6
0,0,20.4
0,0,21.2
137,82,23.2
348,131,25.4
553,154,27.5
715,165,29.3
821,170,30.9
870,145,31.9
839,142,32.4
737,134,32.3
582,111,31.4
379,94,29.7
159,63,27.4
0,0,25.1
0,0,23.8
0,0,23.1
0,0,22.4
0,0,21.9
0,0,21.5
0,0,21.1
0,0,20.9
0,0,20.7
0,0,20.5
0,0,20.3
0,0,20.2
0,0,20.9
139,77,22.7
354,123,24.7
560,143,26.5
724,149,28.2
831,151,29.8
866,153,31
832,150,31.7
730,142,31.9
569,131,31.3
364,110,29.9
148,72,27.7
0,0,25.4
0,0,23.9
0,0,23.2
0,0,22.6
0,0,22.2
0,0,21.8
0,0,21.5
0,0,21.4
0,0,21.3
0,0,21.2
0,0,21
0,0,21
0,0,21.5
130,85,23.1
341,144,25.1
543,171,27
708,180,29
812,181,30.7
861,151,31.9
828,145,32.6
726,136,32.8
568,118,32.2
364,100,30.7
147,66,28.2
0,0,25.5
0,0,23.9
0,0,23.1
0,0,22.6
0,0,22.3
0,0,21.9
0,0,21.7
0,0,21.5
0,0,21.4
0,0,21.1
0,0,20.9
0,0,20.8
0,0,21.4
127,82,23
157,148,24.9
533,170,26.8
694,181,28.7
801,184,30.3
845,164,31.5
811,158,32.2
710,149,32.1
548,140,31.4
348,115,29.8
136,72,27.5
0,0,25.3
0,0,23.8
0,0,23
0,0,22.4
0,0,21.9
0,0,21.5
0,0,21.2
0,0,21.1
0,0,21.1
0,0,21
0,0,20.8
0,0,20.6
0,0,20.9
136,69,22.4
349,109,24.6
553,131,26.6
716,143,28.5
819,148,30
856,146,31
818,151,31.6
713,148,31.6
549,142,31
344,121,29.6
129,76,27.3
0,0,24.8
0,0,23.2
0,0,22.3
0,0,21.6
0,0,21
0,0,20.7
0,0,20.4
0,0,20.3
0,0,20.2
0,0,19.9
0,0,19.6
0,0,19.3
0,0,19.6
138,62,21.3
357,94,23.9
564,109,26.6
728,117,28.9
833,121,30.4
855,157,31.3
820,152,31.7
717,142,31.6
564,107,31
358,89,29.7
139,57,27.4
0,0,24.8
0,0,23.2
0,0,22.2
0,0,21.2
0,0,20.4
0,0,19.8
0,0,19.4
0,0,19.1
0,0,19
0,0,18.6
0,0,18.4
0,0,18.2
0,0,18.6
141,54,20.4
362,84,23.3
569,101,26.4
732,112,29.1
833,119,31
867,126,32.1
827,126,32.8
719,123,32.9
554,111,32.2
347,93,30.8
130,60,28.1
0,0,25.2
0,0,23.3
0,0,22.2
0,0,21.4
0,0,20.8
0,0,20.3
0,0,19.8
0,0,19.5
0,0,19.4
0,0,19
0,0,18.8
0,0,18.6
0,0,19.1
121,65,21
327,110,23.9
522,138,26.8
677,158,29.3
776,175,31.3
748,286,32.4
703,276,32.9
608,231,32.7
224,210,31.8
39,39,30.2
70,63,27.9
0,0,25.4
0,0,23.7
0,0,22.6
0,0,21.8
0,0,21.1
0,0,20.6
0,0,20.3
0,0,20.1
0,0,19.9
0,0,19.4
0,0,19
0,0,18.7
0,0,19
121,68,20.7
332,112,23.2
533,135,25.6
694,149,27.6
796,155,29.4
826,169,30.8
790,165,31.6
684,156,31.4
521,143,30.4
319,117,28.6
111,68,26.2
0,0,24.1
0,0,23
0,0,22.2
0,0,21.6
0,0,21.2
0,0,20.9
0,0,20.7
0,0,20.5
0,0,20.4
0,0,20.2
0,0,20.2
0,0,20
0,0,20.3
121,66,21.7
330,110,23.8
529,131,25.9
689,144,27.8
792,151,29.5
828,149,30.8
791,146,31.7
687,138,32.1
528,119,31.8
326,97,30.8
114,58,28.5
0,0,25.9
0,0,24.3
0,0,23.2
0,0,22.5
0,0,22
0,0,21.5
0,0,21
0,0,20.6
0,0,20.4
0,0,20
0,0,19.7
0,0,19.4
0,0,20
117,68,22
326,116,25.2
524,143,28.4
682,161,30.8
782,172,32.3
822,155,33.2
786,153,33.5
681,146,33.1
520,129,32.2
317,108,30.4
107,64,28.1
0,0,25.9
0,0,24.5
0,0,23.6
0,0,22.8
0,0,22.2
0,0,21.6
0,0,21.1
0,0,20.5
0,0,20.3
0,0,19.8
0,0,19.6
0,0,19.4
0,0,19.8
114,67,21.5
321,114,24.3
521,138,27.2
680,153,29.6
779,161,31.4
818,142,32.6
779,139,33.2
675,132,33.1
511,120,32.1
309,99,30.4
103,58,27.8
0,0,25.4
0,0,23.9
0,0,23.1
0,0,22.5
0,0,22
0,0,21.5
0,0,21
0,0,20.5
0,0,20.3
0,0,20
0,0,19.7
0,0,19.5
0,0,19.8
110,65,21.6
313,113,24.1
507,140,26.7
662,158,28.9
758,170,30.7
780,199,32
741,197,32.9
612,194,33.1
478,171,32.4
221,141,30.7
71,55,28.2
0,0,25.9
0,0,24.4
0,0,23.7
0,0,23.2
0,0,22.8
0,0,22.4
0,0,22
0,0,21.6
0,0,21.4
0,0,20.7
0,0,20.4
0,0,20.2
0,0,20.4
103,72,21.8
304,132,24
501,162,26.2
659,179,28
759,187,29.4
808,148,30.3
773,139,30.6
668,131,30.1
505,121,29.1
232,133,27.5
97,57,25.6
0,0,23.7
0,0,22.6
0,0,21.8
0,0,21
0,0,20.5
0,0,20.1
0,0,19.8
0,0,19.6
0,0,19.5
0,0,19.2
0,0,19.1
0,0,19.1
0,0,19.7
105,71,21.5
308,126,23.8
508,146,25.9
666,154,28
767,159,29.7
796,167,31
757,161,31.6
654,149,31.7
492,136,31
293,107,29.6
92,56,27.1
0,0,24.6
0,0,23.1
0,0,22.2
0,0,21.5
0,0,21
0,0,20.6
0,0,20.3
0,0,20.1
0,0,20
0,0,19.8
0,0,19.7
0,0,19.6
0,0,20
102,63,21.6
302,117,24.2
496,148,27.2
649,169,29.8
746,182,31.8
781,182,33.2
742,179,34.1
637,169,34.4
477,152,33.9
279,121,32.2
81,59,29.3
0,0,26.6
0,0,24.9
0,0,23.8
0,0,23.1
0,0,22.7
0,0,22.4
0,0,22.2
0,0,21.9
0,0,21.6
0,0,21.3
0,0,21.2
0,0,21.1
0,0,21.5
93,69,23.1
288,137,25.6
480,172,28.4
636,189,31
735,195,33.3
769,197,34.9
731,192,35.9
627,180,36.1
468,157,35.7
272,123,34.3
39,39,31.3
0,0,28.5
0,0,26.9
0,0,25.8
0,0,25.3
0,0,25.3
0,0,25.4
0,0,25.6
0,0,25.6
0,0,25.4
0,0,24.9
0,0,24.9
0,0,25.2
0,0,26
86,71,27.6
271,169,29.8
453,242,32.3
597,292,34.4
687,324,35.2
600,356,34.9
47,47,33.7
169,168,31.9
226,205,30.3
244,168,29.3
49,45,28.1
0,0,26.9
0,0,26.2
0,0,25.8
0,0,25.3
0,0,24.7
0,0,24.2
0,0,23.8
0,0,23.5
0,0,23.4
0,0,22.9
0,0,22.6
0,0,22.3
0,0,22.4
8,8,23.6
203,144,25.7
339,233,27.8
482,298,29.7
699,258,31.2
580,361,32.2
689,263,32.8
464,293,32.8
432,213,32.2
244,157,30.6
58,53,28.1
0,0,25.9
0,0,24.6
0,0,23.9
0,0,23.5
0,0,23.2
0,0,22.9
0,0,22.6
0,0,22.3
0,0,22.1
0,0,21.8
0,0,21.6
0,0,21.3
0,0,21.4
81,68,22.6
270,160,24.5
457,209,26.4
608,235,28.2
705,244,29.7
740,237,30.7
705,224,31.2
608,201,31
288,222,30.3
268,111,28.9
73,50,26.7
0,0,24.6
0,0,23.3
0,0,22.4
0,0,21.8
0,0,21.3
0,0,20.9
0,0,20.6
0,0,20.3
0,0,20.1
0,0,19.8
0,0,19.6
0,0,19.4
0,0,19.7
95,60,21.2
295,113,23.3
488,138,25.3
645,150,27.3
599,313,28.8
623,333,29.8
727,177,30.1
622,164,29.8
465,135,28.8
267,105,27.2
70,49,25.1
0,0,23.3
0,0,22.3
0,0,21.5
0,0,20.9
0,0,20.3
0,0,19.9
0,0,19.6
0,0,19.4
0,0,19.3
0,0,19.1
0,0,19
0,0,18.9
0,0,19.1
90,59,20.6
286,114,23
478,144,25.2
629,162,27.1
724,174,28.6
755,175,29.6
712,176,30.1
606,168,30
446,149,29.3
252,114,27.7
63,49,25.5
0,0,23.5
0,0,22.4
0,0,21.7
0,0,21.2
0,0,20.9
0,0,20.6
0,0,20.3
0,0,20.1
0,0,20.1
0,0,19.9
0,0,19.7
0,0,19.5
0,0,19.4
90,56,20.6
287,107,23
480,132,25.5
633,144,27.7
729,151,29.1
755,164,30
714,163,30.2
608,154,30
455,122,29.2
257,97,27.8
64,45,25.6
0,0,23.5
0,0,22.3
0,0,21.5
0,0,20.9
0,0,20.6
0,0,20.4
0,0,20.4
0,0,20.5
0,0,20.5
0,0,20.2
0,0,20
0,0,19.8
0,0,19.8
82,60,20.8
272,128,23
458,166,25.3
606,187,27.2
702,199,28.6
743,169,29.5
563,314,29.9
598,159,29.8
441,137,29.3
246,105,28.1
58,44,25.9
0,0,23.8
0,0,22.7
0,0,21.8
0,0,21
0,0,20.5
0,0,20
0,0,19.7
0,0,19.4
0,0,19.3
0,0,18.9
0,0,18.8
0,0,18.8
0,0,19.2
77,59,20.2
184,136,21.8
188,181,23.6
455,290,25.5
571,315,27.2
600,325,28.5
450,342,29.3
411,287,29.6
296,211,29.3
201,110,28.2
51,44,26.2
0,0,24.6
0,0,23.8
0,0,23.1
0,0,22.4
0,0,21.8
0,0,21.2
0,0,20.8
0,0,20.5
0,0,20.4
0,0,20.1
0,0,19.8
0,0,19.5
0,0,19.3
73,59,20.2
261,134,22.6
448,169,25.3
488,271,27.3
594,293,28.4
726,194,28.8
531,323,28.5
444,275,27.8
416,176,26.7
46,46,25.3
50,42,23.7
0,0,22.4
0,0,21.6
0,0,21.1
0,0,20.6
0,0,20.2
0,0,19.6
0,0,19.1
0,0,18.6
0,0,18.4
0,0,18
0,0,17.8
0,0,17.6
0,0,17.6
78,55,18.7
271,113,20.6
462,141,22.7
616,154,24.4
712,159,25.9
741,161,26.9
698,159,27.5
591,153,27.6
432,134,27.4
237,102,26.4
51,39,24.2
0,0,22.3
0,0,21.7
0,0,21
0,0,20.3
0,0,19.7
0,0,19.3
0,0,18.9
0,0,18.5
0,0,18.4
0,0,17.8
0,0,17.5
0,0,17.2
0,0,17.3
76,53,18.6
268,111,20.9
457,143,23.2
608,162,25
700,172,26.4
731,169,27.3
692,167,27.9
585,157,28.1
422,147,27.9
229,112,26.9
30,30,24.9
0,0,23.4
0,0,22.8
0,0,22.2
0,0,21.7
0,0,21.2
0,0,20.8
0,0,20.3
0,0,19.9
0,0,19.7
0,0,19.2
0,0,18.9
0,0,18.7
0,0,18.7
10,10,19.9
12,12,21.9
74,74,23.8
63,63,25.2
368,319,26.1
123,123,26.7
182,179,26.9
36,36,26.7
22,22,26.1
12,12,25.1
5,5,23.6
0,0,22.2
0,0,21.4
0,0,20.9
0,0,20.6
0,0,20.3
0,0,20.1
0,0,20
0,0,19.9
0,0,19.9
0,0,19.7
0,0,19.4
0,0,19.1
0,0,19
68,52,20.2
254,119,22.3
439,153,24.1
589,173,25.6
682,185,26.6
711,185,27.3
670,184,27.5
565,174,27.3
227,194,26.5
218,117,25.2
40,35,23.4
0,0,21.7
0,0,20.8
0,0,20.2
0,0,19.8
0,0,19.4
0,0,19.2
0,0,19.1
0,0,19.1
0,0,19
0,0,18.8
0,0,18.7
0,0,18.5
0,0,18.5
66,52,19.5
58,58,21.4
262,212,23.2
592,169,24.5
688,173,25.5
718,174,26.1
447,328,26.4
348,274,26.3
242,197,25.6
224,101,24.4
42,34,22.4
0,0,20.6
0,0,19.7
0,0,19.1
0,0,18.7
0,0,18.5
0,0,18.3
0,0,18.1
0,0,17.7
0,0,17.5
0,0,16.9
0,0,16.7
0,0,16.6
0,0,16.7
73,45,18.3
268,90,20.6
464,104,22.4
618,110,23.7
713,116,24.8
726,157,25.5
683,152,25.9
579,140,25.9
262,197,25.3
19,19,24.1
5,5,22
0,0,20.2
0,0,19.5
0,0,18.8
0,0,18.3
0,0,17.9
0,0,17.6
0,0,17.4
0,0,17.2
0,0,17.1
0,0,16.9
0,0,16.8
0,0,16.8
0,0,16.9
71,43,18
264,88,20.4
455,111,22.6
607,124,24.2
701,130,25.5
570,307,26.3
384,316,26.6
575,133,26.5
260,195,25.9
220,93,24.6
39,30,22.5
0,0,20.8
0,0,20
0,0,19.2
0,0,18.6
0,0,18.1
0,0,17.7
0,0,17.4
0,0,17.1
0,0,16.9
0,0,16.6
0,0,16.4
0,0,16.2
0,0,16.3
66,44,17.7
257,96,20.4
447,121,23.3
600,134,25.5
695,140,26.6
721,152,27.3
681,147,27.6
574,136,27.4
413,119,26.7
219,89,25.2
38,29,22.9
0,0,21.1
0,0,20.1
0,0,19.4
0,0,19
0,0,18.6
0,0,18.3
0,0,18.1
0,0,17.9
0,0,17.8
0,0,17.5
0,0,17.4
0,0,17.3
0,0,17.3
61,46,18.6
246,109,20.7
432,140,22.6
583,153,24.2
680,157,25.5
712,149,26.1
674,140,26.3
334,265,26
410,116,25.1
219,85,23.6
37,28,21.3
0,0,19.6
0,0,18.8
0,0,18.2
0,0,17.8
0,0,17.6
0,0,17.5
0,0,17.4
0,0,17.3
0,0,17.2
0,0,17.2
0,0,17.2
0,0,17.3
0,0,17.3
64,41,18.1
252,87,20.1
442,107,22.3
594,118,24.2
688,123,25.5
710,138,26.4
670,132,26.8
566,121,26.9
407,107,26.4
215,78,25.1
36,27,22.9
0,0,21.1
0,0,20.3
0,0,19.6
0,0,19
0,0,18.4
0,0,17.9
0,0,17.3
0,0,16.9
0,0,16.7
0,0,16.2
0,0,15.9
0,0,15.6
0,0,15.6
61,41,17.2
249,90,20.2
438,118,23.2
588,134,25.7
682,143,27.3
712,137,28.1
672,133,28.3
566,122,28.1
403,112,27.3
210,83,25.5
32,26,22.8
0,0,20.8
0,0,19.7
0,0,18.9
0,0,18.2
0,0,17.5
0,0,16.9
0,0,16.4
0,0,15.9
0,0,15.7
0,0,15.3
0,0,15.1
0,0,15
0,0,15.2
62,37,16.8
256,77,19.7
448,98,23.2
601,110,26.5
697,115,28.3
722,129,29
681,125,29.3
574,116,29.2
411,103,28.6
214,77,26.5
32,25,23.2
0,0,21.1
0,0,20.3
0,0,19.5
0,0,18.9
0,0,18.4
0,0,18.1
0,0,17.9
0,0,17.8
0,0,17.8
0,0,17.4
0,0,17
0,0,16.7
0,0,16.5
52,41,18
232,107,21
414,148,24.2
559,176,27.3
649,194,29.6
677,196,31
636,194,31.5
530,182,31.5
381,138,30.7
192,99,28.4
24,22,25
0,0,22.7
0,0,21.4
0,0,20.5
0,0,20
0,0,19.7
0,0,19.4
0,0,19.1
0,0,19
0,0,18.9
0,0,18.6
0,0,18.5
0,0,18.4
0,0,18.3
38,35,19.1
207,134,21.3
383,194,24
525,232,26.6
615,254,28.4
623,307,29.6
584,297,30.2
485,270,30.3
337,216,29.8
160,128,27.6
9,9,24.7
0,0,22.9
0,0,22.1
0,0,21.2
0,0,20.5
0,0,20
0,0,19.7
0,0,19.4
0,0,19.1
0,0,18.9
0,0,18.2
0,0,17.7
0,0,17.3
0,0,17
39,36,18
212,131,20.2
392,187,23
540,220,25.9
632,238,28
654,256,29.2
618,240,29.9
517,214,30.1
362,177,29.7
179,116,27.7
16,16,24.9
0,0,23.1
0,0,22.1
0,0,21.4
0,0,20.8
0,0,20.2
0,0,19.8
0,0,19.4
0,0,19.2
0,0,19.2
0,0,18.9
0,0,18.7
0,0,18.4
0,0,18
42,37,18.9
218,114,21.2
401,155,24
550,178,27.3
643,190,29.7
666,205,30.7
624,200,30.8
520,184,30.4
365,156,29.6
133,94,27.4
17,17,24.3
0,0,22.2
0,0,21.2
0,0,20.3
0,0,19.7
0,0,19.1
0,0,18.8
0,0,18.6
0,0,18.4
0,0,18.3
0,0,18
0,0,17.9
0,0,18
0,0,18.1
36,33,19.2
23,23,21.6
127,127,24.2
406,251,26.8
622,205,28.5
644,220,29.4
606,213,29.8
506,195,29.6
356,156,28.9
174,105,26.9
15,15,24.1
0,0,22.2
0,0,21.3
0,0,20.6
0,0,20.3
0,0,20.1
0,0,20.1
0,0,20.1
0,0,20.1
0,0,20.1
0,0,19.9
0,0,19.7
0,0,19.3
0,0,18.9
34,32,19.8
203,123,21.9
273,188,24.4
523,206,26.9
614,221,28.9
650,205,30.2
610,193,31
511,177,31.2
347,172,30.5
113,93,28.3
13,13,25.4
0,0,23.8
0,0,23.1
0,0,22.5
0,0,21.9
0,0,21.2
0,0,20.5
0,0,20.1
0,0,19.7
0,0,19.5
0,0,19
0,0,18.8
0,0,18.6
0,0,18.5
37,32,19.7
210,104,22.4
396,137,25.7
544,152,28.7
641,159,30.4
667,166,31.3
630,159,31.6
527,145,31.5
368,132,30.7
181,91,28.4
18,17,25.1
0,0,23.3
0,0,22.6
0,0,21.7
0,0,20.7
0,0,19.8
0,0,18.9
0,0,18.3
0,0,17.8
0,0,17.5
0,0,17
0,0,16.8
0,0,16.6
0,0,16.5
36,32,17.9
206,111,20.7
384,158,23.9
528,187,26.7
620,200,28.3
667,156,29.2
628,152,29.8
523,141,29.9
369,115,29.5
182,82,27.8
18,17,25.1
0,0,23.4
0,0,22.9
0,0,22.3
0,0,21.7
0,0,21.1
0,0,20.6
0,0,20.4
0,0,20.4
0,0,20.3
0,0,20
0,0,19.7
0,0,19.3
0,0,19
27,26,19.9
191,123,22.3
368,178,25.5
513,205,29
608,214,31.3
633,226,32.2
596,214,32.4
497,192,32.3
343,166,31.6
163,107,29.3
11,11,26.5
0,0,24.7
0,0,23.7
0,0,23.1
0,0,22.7
0,0,22.1
0,0,21.4
0,0,20.8
0,0,20.3
0,0,20.1
0,0,19.5
0,0,19.2
0,0,19
0,0,19
27,25,20
188,121,22.3
363,176,25
504,201,27.9
596,211,29.9
628,202,30.9
591,193,31.4
492,177,31.4
341,149,30.8
163,100,28.8
12,11,26.1
0,0,24.4
0,0,23.5
0,0,22.9
0,0,22.5
0,0,22.3
0,0,22.1
0,0,21.7
0,0,21.2
0,0,21
0,0,20
0,0,19.3
0,0,18.8
0,0,18.5
17,17,19.6
171,125,21.6
220,180,23.2
322,250,24.5
393,295,25.3
314,281,25.8
352,286,26
331,240,25.6
28,28,24.8
152,112,23.6
8,8,22.2
0,0,21
0,0,20.3
0,0,19.7
0,0,19.3
0,0,18.9
0,0,18.5
0,0,18.2
0,0,17.8
0,0,17.5
0,0,16.9
0,0,16.7
0,0,16.6
0,0,16.7
31,27,17.8
199,88,19.8
380,118,21.3
527,133,22.3
618,141,23.1
400,307,23.6
54,54,23.9
206,196,23.9
42,42,23.5
15,15,22.3
2,2,20.4
0,0,19.1
0,0,18.4
0,0,17.9
0,0,17.4
0,0,16.8
0,0,16.4
0,0,16
0,0,15.8
0,0,15.7
0,0,15.4
0,0,15.2
0,0,15
0,0,14.8
20,19,15.6
178,123,17.5
350,190,19.8
488,230,21.8
578,256,23.5
623,206,24.7
581,215,25.4
479,205,25.5
332,160,25.1
96,85,23.5
8,8,21.2
0,0,19.5
0,0,18.3
0,0,17.1
0,0,16
0,0,15
0,0,14.2
0,0,13.6
0,0,13.1
0,0,12.8
0,0,12.1
0,0,11.7
0,0,11.3
0,0,11
27,24,11.8
198,95,14
383,132,16.8
534,153,19.9
633,164,22.4
670,150,23.9
575,140,24.6
303,236,24.6
366,117,24
60,60,21.7
14,13,18.9
0,0,17.5
0,0,16.6
0,0,15.7
0,0,14.7
0,0,13.9
0,0,13.1
0,0,12.4
0,0,11.8
0,0,11.5
0,0,10.8
0,0,10.4
0,0,10
0,0,9.6
30,25,10.5
211,78,12.9
404,104,16.2
559,120,19.7
657,128,21.9
689,127,23.1
656,126,23.7
549,117,23.8
386,101,23.2
188,73,20.4
16,15,17
0,0,15.3
0,0,14.4
0,0,13.5
0,0,12.7
0,0,11.9
0,0,11.3
0,0,10.8
0,0,10.4
0,0,10.2
0,0,9.6
0,0,9.3
0,0,8.9
0,0,8.5
31,23,9.5
217,68,12.1
413,91,15.3
569,105,18.8
668,114,21.4
693,126,23
653,124,23.9
541,114,24.2
380,97,23.5
185,70,21.1
15,14,18.1
0,0,16.2
0,0,15.1
0,0,14.1
0,0,12.8
0,0,11.7
0,0,11
0,0,10.6
0,0,10.4
0,0,10.3
0,0,9.8
0,0,9.5
0,0,9.1
0,0,8.9
27,22,10
120,92,12.7
199,168,15.8
384,223,19
448,268,21.5
528,244,22.9
639,120,23.6
534,111,23.8
372,99,23
179,73,20.9
14,13,18.6
0,0,17.1
0,0,16.3
0,0,16
0,0,15.9
0,0,15.8
0,0,15.6
0,0,15.4
0,0,15
0,0,14.8
0,0,13.9
0,0,13.6
0,0,13.7
0,0,13.7
13,13,13.9
9,9,15.5
134,133,18
30,30,20.5
611,155,22.5
657,132,23.5
620,128,23.9
518,118,23.7
360,99,22.7
172,71,20.1
13,12,16.9
0,0,15.3
0,0,14.5
0,0,14
0,0,13.8
0,0,13.8
0,0,13.8
0,0,13.9
0,0,13.9
0,0,13.8
0,0,13.6
0,0,13.4
0,0,13.2
0,0,13.1
20,18,13.7
181,77,15.6
362,109,18.1
509,125,20
602,133,21.1
627,147,22
591,142,22.5
492,130,22.5
340,113,21.9
160,77,20.2
11,10,17.8
0,0,16.2
0,0,15.4
0,0,14.7
0,0,14.1
0,0,13.7
0,0,13.3
0,0,13.1
0,0,12.9
0,0,12.9
0,0,12.8
0,0,12.8
0,0,12.7
0,0,12.5
19,17,13.2
179,74,15.1
359,103,17.8
506,118,20.4
600,125,22
623,143,22.9
585,141,23.1
187,181,22.7
243,154,21.9
157,77,20.3
10,10,18
0,0,16.2
0,0,15.2
0,0,14.5
0,0,14
0,0,13.8
0,0,13.8
0,0,13.9
0,0,13.7
0,0,13.6
0,0,13.3
0,0,12.9
0,0,12.6
0,0,12.2
8,8,13.1
56,56,15.4
174,156,17.9
498,136,20.3
590,156,22.1
634,127,23.8
602,122,25.2
502,113,26.1
345,104,25.7
160,75,23.9
9,9,21.7
0,0,19.9
0,0,18.9
0,0,18.6
0,0,18.5
0,0,18.1
0,0,17.6
0,0,17.3
0,0,17
0,0,16.8
0,0,16.1
0,0,15.7
0,0,15.5
0,0,15.4
3,3,16.2
137,111,18.6
304,191,21.7
443,236,24.9
532,263,27.6
603,180,29
560,187,29.5
456,188,29.2
309,157,27.8
133,100,24.7
2,2,21.2
0,0,19.5
0,0,19.1
0,0,18.9
0,0,18.3
0,0,17.4
0,0,16.6
0,0,16
0,0,15.6
0,0,15.4
0,0,15
0,0,14.7
0,0,14.4
0,0,14
3,3,14.6
135,107,16.8
303,181,19.3
448,217,21.2
547,230,22.4
599,190,23.1
570,178,23.3
473,161,22.9
331,123,22
152,84,19.9
7,7,17.2
0,0,15.7
0,0,15.5
0,0,15.6
0,0,15.5
0,0,15.1
0,0,14.6
0,0,14
0,0,13.4
0,0,13.1
0,0,12.2
0,0,11.6
0,0,11.3
0,0,11.1
12,11,12.1
161,81,14.5
340,116,17.4
488,134,19.8
584,142,21.4
630,116,22.3
596,112,22.8
499,103,22.9
351,82,22.4
167,59,20.6
12,11,17.9
0,0,16.3
0,0,15.5
0,0,15
0,0,14.6
0,0,14.3
0,0,14.1
0,0,13.8
0,0,13.5
0,0,13.4
0,0,12.9
0,0,12.7
0,0,12.5
0,0,12.3
15,13,13.2
174,59,15.5
359,80,18.6
509,90,21.4
606,96,23
640,101,23.8
605,99,24.1
506,94,24
350,89,23.2
166,63,21
12,11,18.2
0,0,16.7
0,0,15.8
0,0,15
0,0,14.4
0,0,13.9
0,0,13.4
0,0,13.1
0,0,12.8
0,0,12.7
0,0,12.4
0,0,12.2
0,0,12
0,0,11.8
13,12,12.5
169,66,14.7
352,92,17.4
502,107,20.5
598,114,22.8
633,112,24
602,109,24.5
503,102,24.4
350,88,23.6
166,63,21.2
11,11,18.3
0,0,16.8
0,0,15.9
0,0,15.1
0,0,14.5
0,0,13.9
0,0,13.4
0,0,13.1
0,0,12.8
0,0,12.7
0,0,12.7
0,0,12.6
0,0,12.6
0,0,12.5
11,11,13.5
162,66,15.8
342,92,18.4
492,105,20.7
587,110,22.1
615,122,22.8
582,117,22.9
279,221,22.5
136,133,21.5
159,65,19.9
11,11,17.8
0,0,16.4
0,0,15.8
0,0,15.4
0,0,15.1
0,0,14.7
0,0,14.5
0,0,14.4
0,0,14.4
0,0,14.4
0,0,14.7
0,0,14.9
0,0,15
0,0,14.9
12,11,15.6
167,59,17.6
351,81,19.6
502,95,20.9
598,103,21.6
629,106,21.9
596,102,21.8
314,220,21.4
26,26,20.5
16,16,18.9
12,11,16.8
0,0,15.6
0,0,14.9
0,0,14.5
0,0,14.1
0,0,13.9
0,0,13.8
0,0,13.8
0,0,13.7
0,0,13.6
0,0,13.4
0,0,13.4
0,0,13.3
0,0,13.2
0,0,13.8
168,54,15.4
165,147,17.6
500,89,19.2
598,94,20.2
631,97,20.8
597,94,21.2
501,88,21.2
348,84,20.6
167,59,19
12,11,16.9
0,0,15.4
0,0,14.6
0,0,14
0,0,13.8
0,0,13.6
0,0,13.5
0,0,13.4
0,0,13.3
0,0,13.2
0,0,13
0,0,13
0,0,12.9
0,0,12.8
0,0,13.2
165,51,14.8
347,71,17.3
497,82,19.4
412,252,20.6
358,279,21.3
380,263,21.7
496,92,21.7
347,80,21.2
167,57,19.3
12,11,16.9
0,0,15.4
0,0,14.5
0,0,14
0,0,13.7
0,0,13.5
0,0,13.4
0,0,13.2
0,0,13.1
0,0,12.9
0,0,12.5
0,0,12.4
0,0,12.4
0,0,12.4
0,0,12.8
160,52,14.4
339,75,16.9
315,215,19.2
583,92,20.7
613,100,21.6
580,99,21.9
484,93,21.6
335,85,20.8
157,62,19.3
11,11,17.6
0,0,16.6
0,0,16.3
0,0,16.2
0,0,16.2
0,0,15.9
0,0,15.7
0,0,15.6
0,0,15.5
0,0,15.5
0,0,15.4
0,0,15.2
0,0,14.9
0,0,14.7
0,0,15.2
154,59,16.4
50,50,17.7
308,214,18.6
583,103,19.1
73,73,19.5
582,112,19.6
157,157,19.3
338,94,18.6
160,65,17.4
12,11,15.9
0,0,15
0,0,14.6
0,0,14.3
0,0,14
0,0,13.6
0,0,13.2
0,0,12.8
0,0,12.4
0,0,12.3
0,0,11.8
0,0,11.4
0,0,11.1
0,0,11.1
0,0,12.1
10,10,13.9
163,143,15.9
469,123,17.4
381,257,18.3
53,53,19
573,127,19.3
481,115,19.2
334,101,18.6
158,70,17.1
11,10,15.1
0,0,14
0,0,13.3
0,0,13
0,0,12.8
0,0,13
0,0,13.3
0,0,13.3
0,0,13
0,0,12.7
0,0,12.1
0,0,11.6
0,0,11.1
0,0,10.9
0,0,11.6
10,10,12.9
24,24,14.7
39,39,16.5
102,102,17.8
600,127,18.5
213,205,18.8
476,114,18.7
42,42,18.1
11,11,16.8
10,10,15.4
0,0,14.9
0,0,14.8
0,0,14.6
0,0,14.5
0,0,14.2
0,0,14
0,0,13.7
0,0,13.4
0,0,13.2
0,0,12.6
0,0,12.4
0,0,12.3
0,0,12.1
0,0,12.7
76,69,14.4
220,141,16.3
38,38,18
332,258,19.1
376,276,19.5
321,259,19.5
341,208,19.3
324,104,18.6
11,11,17.1
10,10,15.4
0,0,14.4
0,0,14.1
0,0,13.8
0,0,13.8
0,0,13.7
0,0,13.6
0,0,13.6
0,0,13.8
0,0,13.9
0,0,13.7
0,0,13.8
0,0,13.6
0,0,13.1
0,0,13.3
133,62,14.7
303,97,16.8
190,180,18.4
544,129,19.5
444,256,20.3
54,54,20.4
251,212,19.9
321,103,18.9
65,65,17.3
11,10,15.5
0,0,14.6
0,0,14.2
0,0,13.7
0,0,13.4
0,0,13.1
0,0,12.8
0,0,12.6
0,0,12.5
0,0,12.4
0,0,12.2
0,0,12.1
0,0,12
0,0,12
0,0,12.8
57,57,14.4
59,59,16.2
276,211,18.1
376,253,19.8
298,259,21
393,254,21.3
226,203,20.7
90,90,19.3
8,8,17.6
5,5,16.4
0,0,15.7
0,0,15.2
0,0,15
0,0,14.9
0,0,14.7
0,0,14.3
0,0,13.6
0,0,12.8
0,0,12.5
0,0,12
0,0,11.6
0,0,11.1
0,0,10.6
0,0,11
111,86,12.8
278,154,15.4
21,21,17.8
52,52,19.4
368,275,20
108,108,20.2
40,40,19.7
26,26,18.1
12,12,16
6,6,14.2
0,0,13.1
0,0,12.6
0,0,12.2
0,0,11.7
0,0,11.2
0,0,10.9
0,0,10.6
0,0,10.3
0,0,10.2
0,0,9.6
0,0,9.1
0,0,8.8
0,0,8.6
0,0,9.2
98,85,10.7
257,174,12.9
396,227,15.2
492,252,16.7
494,334,17.8
470,321,18.5
391,276,18.7
265,204,18.3
114,101,16.6
1,1,14.8
0,0,14
0,0,13.5
0,0,13
0,0,12.4
0,0,11.7
0,0,11
0,0,10.5
0,0,10.1
0,0,9.9
0,0,9.6
0,0,9.3
0,0,9.1
0,0,8.8
0,0,9.7
116,77,11.8
284,131,14.5
428,167,16.9
524,191,18.3
590,136,18.9
563,136,19.1
470,131,18.9
331,106,18.1
66,66,15.6
10,9,12.9
0,0,12.1
0,0,11.8
0,0,11.4
0,0,10.9
0,0,10.3
0,0,9.9
0,0,9.7
0,0,9.6
0,0,9.6
0,0,9.5
0,0,9.5
0,0,9.5
0,0,9.4
0,0,10
114,75,12.3
131,125,15.2
213,192,17.9
194,189,19.7
348,272,20.1
67,67,19.4
22,22,17.7
52,52,15.4
25,25,13.4
2,2,12.1
0,0,11.4
0,0,11
0,0,10.8
0,0,10.5
0,0,10.3
0,0,10.1
0,0,9.9
0,0,9.7
0,0,9.6
0,0,9.3
0,0,9
0,0,8.8
0,0,8.7
0,0,9.4
118,67,11.4
293,106,14
444,124,16.2
546,133,17.8
591,125,18.6
565,123,18.9
475,115,18.9
333,100,18.1
159,71,15.9
12,12,13.5
0,0,12.4
0,0,11.8
0,0,11.2
0,0,10.7
0,0,10.3
0,0,9.9
0,0,9.6
0,0,9.3
0,0,9.3
0,0,9.1
0,0,9.1
0,0,9.2
0,0,9.3
0,0,9.9
122,61,11.6
299,94,14
452,109,16.5
555,115,18.1
589,132,19
565,127,19.5
478,117,19.5
331,111,18.8
160,76,16.8
13,12,14.5
0,0,13.3
0,0,12.6
0,0,11.9
0,0,11.3
0,0,10.8
0,0,10.5
0,0,10.3
0,0,10.2
0,0,10.1
0,0,9.9
0,0,9.8
0,0,9.7
0,0,9.5
0,0,10.1
128,52,12.1
309,79,14.7
463,90,17.2
569,96,19
606,106,20
582,101,20.5
493,93,20.6
353,77,19.8
175,55,17.3
17,13,14.6
0,0,13.5
0,0,12.8
0,0,12.2
0,0,11.6
0,0,10.9
0,0,10.2
0,0,9.7
0,0,9.3
0,0,9.1
0,0,8.5
0,0,8.2
0,0,7.8
0,0,7.5
0,0,8.3
142,39,10.7
330,58,13.7
487,69,16.8
592,77,19.3
637,85,20.6
611,83,21.4
520,79,21.6
369,75,20.5
184,56,17.8
18,15,15.1
0,0,13.5
0,0,12.4
0,0,11.4
0,0,10.5
0,0,9.6
0,0,9
0,0,8.6
0,0,8.2
0,0,8
0,0,7.3
0,0,6.9
0,0,6.6
0,0,6.4
0,0,7.2
135,49,9.6
324,74,12.8
484,88,16
591,96,19
633,103,20.8
608,102,21.6
513,96,21.7
369,78,20.8
185,58,18.5
18,15,16.1
0,0,14.6
0,0,13.6
0,0,12.6
0,0,11.5
0,0,10.4
0,0,9.5
0,0,8.8
0,0,8.2
0,0,7.9
0,0,7.3
0,0,6.9
0,0,6.5
0,0,6.1
0,0,6.7
131,49,9.2
320,74,12.1
480,87,14.9
588,93,17.6
631,97,19.5
608,94,20.5
518,88,20.5
369,81,19.1
185,60,15.7
18,15,12.5
0,0,11.3
0,0,10.8
0,0,10.5
0,0,10.3
0,0,10.1
0,0,9.9
0,0,9.6
0,0,9.4
0,0,9.3
0,0,9.2
0,0,9.1
0,0,8.8
0,0,8.6
0,0,9
127,47,10.7
313,71,13
472,83,15.9
580,89,18.6
616,109,20.1
593,105,20.7
505,98,20.7
352,99,19.5
174,71,16.4
17,15,13.5
0,0,12.2
0,0,11.6
0,0,11.4
0,0,11.4
0,0,11.3
0,0,11
0,0,10.7
0,0,10.3
0,0,10.1
0,0,9.6
0,0,9.2
0,0,9
0,0,8.7
0,0,9.3
122,54,11.3
305,84,14
463,100,16.7
570,109,19.1
614,114,20.4
587,118,20.8
495,119,20.4
358,95,19
178,70,16
19,16,13.5
0,0,12.7
0,0,11.9
0,0,11.2
0,0,10.6
0,0,10.2
0,0,9.8
0,0,9.5
0,0,9.1
0,0,9
0,0,8.6
0,0,8.4
0,0,8.3
0,0,8.1
0,0,8.7
102,72,10.7
272,124,13.6
422,153,16.7
524,174,19
585,144,20.2
553,161,20.7
460,168,20.8
311,164,20
143,108,17.7
6,6,15.3
0,0,14.1
0,0,13.4
0,0,12.7
0,0,12
0,0,11.4
0,0,10.9
0,0,10.7
0,0,10.5
0,0,10.5
0,0,10.1
0,0,9.8
0,0,9.5
0,0,9.2
0,0,9.6
90,76,11.1
255,162,13.2
395,212,14.8
492,244,15.7
521,302,16.2
396,254,16.6
65,65,16.6
109,109,16.3
48,48,15.6
1,1,14.9
0,0,14.5
0,0,14
0,0,13.5
0,0,13.3
0,0,13.2
0,0,13
0,0,12.9
0,0,12.8
0,0,12.7
0,0,12.2
0,0,11.8
0,0,11.3
0,0,10.9
0,0,10.8
8,8,11.5
54,54,13.1
71,71,14.7
205,197,15.7
144,144,16.4
51,51,16.7
42,42,16.7
136,134,16.3
13,13,15.6
2,2,15
0,0,14.7
0,0,14.4
0,0,14
0,0,13.5
0,0,13
0,0,12.7
0,0,12.4
0,0,12
0,0,11.9
0,0,11.3
0,0,11
0,0,10.7
0,0,10.5
0,0,10.6
51,51,11.2
22,22,12.3
290,199,13.2
47,47,13.8
51,51,14.2
159,159,14.5
40,40,14.7
44,44,14.6
27,27,13.5
21,19,12
0,0,11
0,0,10.5
0,0,10.1
0,0,9.7
0,0,9.3
0,0,9
0,0,8.8
0,0,8.5
0,0,8.4
0,0,8.1
0,0,8
0,0,7.9
0,0,7.7
0,0,8.1
112,53,9.4
289,88,11.3
445,106,13.3
554,111,14.5
604,108,15.2
357,263,15.6
503,95,15.7
151,143,15.3
13,13,13.7
3,3,12.2
0,0,11.6
0,0,11
0,0,10.3
0,0,9.6
0,0,9
0,0,8.6
0,0,8.2
0,0,7.9
0,0,7.8
0,0,7.4
0,0,7.2
0,0,7
0,0,6.8
0,0,7.7
112,51,10.1
293,81,13
450,97,15.8
558,106,17.5
606,107,18.2
587,106,18.3
503,100,18.2
366,86,17.4
190,63,15.8
26,20,14.5
0,0,13.7
0,0,12.5
0,0,11.3
0,0,10.3
0,0,9.7
0,0,9.4
0,0,9.2
0,0,9
0,0,8.9
0,0,8.6
0,0,8.4
0,0,8.3
0,0,8.1
0,0,8.7
99,63,11
268,115,13.9
417,153,16.5
518,189,18.1
582,156,18.5
308,257,18.4
109,109,18
42,42,17.1
166,101,15
17,16,12.5
0,0,11
0,0,10.2
0,0,9.4
0,0,8.8
0,0,8.1
0,0,7.5
0,0,6.9
0,0,6.4
0,0,6.1
0,0,5.6
0,0,5.4
0,0,5.1
0,0,4.9
0,0,5.6
105,60,7.8
284,102,10.6
440,125,13.1
550,138,14.6
616,107,15.4
596,107,15.9
513,100,16
369,93,15.4
193,70,13.3
8,8,11
0,0,10.1
0,0,9.8
0,0,9.7
0,0,9.7
0,0,9.8
0,0,9.9
0,0,10.1
